Sitio,fecha,mes,transecto,cuadrante,profundidad,temp,IR,biomasa Asparagopsis armata,cobertura Asparagopsis armata,biomasa Chaetomorpha aerea ,cobertura Chaetomorpha aerea ,biomasa Cladophora prolifera,cobertura Cladophora prolifera,biomasa CoralliNa spp,cobertura CoralliNa spp,biomasa Dictyota dichotom,cobertura Dictyota dichotom,Biomasa L variegata,cobertura L variegata,biomasa Polysiphonia spp,cobertura Polysiphonia spp,Biomasa Sargassum spp,cobertura Sargassum spp,Biomasa Ulva spp.,cobertura Ulva spp.
LA,12-07-13,7,1,1,9,23,2,0,0,0,0,0,0,0,0,5.46,8.2,42.75,19.16,0,0,0,0,0,0
LA,12-07-13,7,1,2,9,23,2,Na,0,0,0,0,0,0,0,Na,10,Na,20,Na,32,0,0,0,0
LA,12-07-13,7,1,3,9,23,2,Na,0,0,0,0,0,0,0,Na,10,Na,30,Na,30,0,0,0,0
LA,12-07-13,7,2,1,9,23,2,0,0,0,0,0,0,0,0,1.48,2.22,63.9,36,40.72,61,0,0,0,0
LA,12-07-13,7,2,2,9,23,2,Na,0,0,0,0,0,0,0,Na,2,Na,25,Na,50,0,0,0,0
LA,12-07-13,7,2,3,9,23,2,Na,0,0,0,0,0,0,0,Na,1.8,Na,40,Na,45,0,0,0,0
LA,12-07-13,7,3,1,9,23,2,0,0,0,0,0,0,0,0,0.09,0.13,63.48,35.27,20.09,30.19,0,0,0,0
LA,12-07-13,7,3,2,9,23,2,Na,0,0,0,0,0,0,0,Na,0.2,Na,35,Na,40,0,0,0,0
LA,12-07-13,7,3,3,9,23,2,Na,0,0,0,0,0,0,0,Na,0.2,Na,40,Na,35,0,0,0,0
LA,12-07-13,7,4,1,9,23,2,Na,0,0,0,0,0,0,0,Na,0.25,Na,0,Na,50,0,0,0,0
LA,12-07-13,7,4,2,9,23,2,Na,0,0,0,0,0,0,0,Na,0,Na,30,Na,40,0,0,0,0
LA,12-07-13,7,4,3,9,23,2,Na,0,0,0,0,0,0,0,Na,0,Na,30,Na,65,0,0,0,0
LA,12-07-13,7,5,1,9,23,2,Na,0,0,0,0,0,0,0,Na,5,Na,0,Na,60,0,0,0,0
LA,12-07-13,7,5,2,9,23,2,Na,0,0,0,0,0,0,0,Na,1,Na,40,Na,58,0,0,0,0
LA,12-07-13,7,5,3,9,23,2,Na,0,0,0,0,0,0,0,Na,0,Na,43,Na,55,0,0,0,0
LA,01-08-13,8,1,1,9,22,2.3,0,0,0,0,0,0,0,0,8.62,11.98,0,0,83.77,80,1.96,2.71,0,0
LA,01-08-13,8,1,2,9,22,2.3,Na,0,0,0,0,0,0,0,Na,10,Na,0.4,Na,70,Na,1,Na,0
LA,01-08-13,8,1,3,9,22,2.3,0,0,0,0,0,0,0,0,Na,0,Na,1,Na,70,Na,1,Na,0.5
LA,01-08-13,8,2,1,9,22,2.3,Na,0,0,0,0,0,0,0,3.52,4.88,0.03,0.05,26.95,37.39,0.11,0.15,0.16,0.22
LA,01-08-13,8,2,2,9,22,2.3,Na,0,0,0,0,0,0,0,Na,5,Na,0.5,Na,40,Na,0.5,Na,0.5
LA,01-08-13,8,2,3,9,22,2.3,Na,0,0,0,0,0,0,0,Na,0,Na,0.2,Na,55,Na,0.5,Na,0
LA,01-08-13,8,3,1,9,22,2.3,0,0,0,0,0,0,0,0,4.33,6,0,0,33.02,45.82,0,0,11.1,15.4
LA,01-08-13,8,3,2,9,22,2.3,Na,0,0,0,0,0,0,0,Na,5,Na,0,Na,50,Na,3,Na,2
LA,01-08-13,8,3,3,9,22,1.8,Na,0,0,0,0,0,0,0,Na,8,Na,0,Na,44,Na,2,Na,1
LA,01-08-13,8,4,1,9,22,1.8,Na,0,0,0,0,0,0,0,Na,10,Na,0.05,Na,60,Na,2,Na,10
LA,01-08-13,8,4,2,9,22,1.8,Na,0,0,0,0,0,0,0,Na,1,Na,1,Na,40,Na,1,Na,2
LA,01-08-13,8,4,3,9,22,1.8,Na,0,0,0,0,0,0,0,Na,5,Na,0,Na,60,Na,2,Na,1
LA,01-08-13,8,5,1,9,22,1.8,Na,0,0,0,0,0,0,0,Na,2.5,Na,2,Na,55,Na,5,Na,5
LA,01-08-13,8,5,2,9,22,1.8,Na,0,0,0,0,0,0,0,Na,3,Na,0,Na,15,Na,0,Na,1
LA,01-08-13,8,5,3,9,22,1.8,Na,0,0,0,0,0,0,0,Na,0,Na,0,Na,22,Na,3,Na,6
LA,24-09-13,9,1,1,9,22,2.5,0,0,0,0,0,0,0,0,0,0,0,0,21.52,89.84,0,0,0,0
LA,24-09-13,9,1,2,9,21,2.5,Na,0,0,0,0,0,0,0,Na,1,Na,1,Na,75,0,0,Na,1
LA,24-09-13,9,1,3,9,21,2.5,Na,0,0,0,0,0,0,0,Na,1.2,Na,0.5,Na,80,0,0,Na,0.8
LA,24-09-13,9,2,1,9,21,2.5,0,0,0,0,0,0,0,0,0.29,1.21,0.8,3.35,17.1,71.4,0,0,0.14,0.57
LA,24-09-13,9,2,2,9,21,2.5,Na,0,0,0,0,0,0,0,Na,2,Na,2,Na,50,0,0,Na,0.5
LA,24-09-13,9,2,3,9,21,2.5,Na,0,0,0,0,0,0,0,Na,5,Na,10,Na,60,0,0,Na,1
LA,24-09-13,9,3,1,9,21,2.5,0,0,0,0,0,0,0,0,46.5,25.37,0,0,6.5,27.2,0,0,0,0
LA,24-09-13,9,3,2,9,21,2.5,Na,0,0,0,0,0,0,0,Na,10,Na,0,Na,50,0,0,Na,0
LA,24-09-13,9,3,3,9,21,2.5,Na,0,0,0,0,0,0,0,Na,15,Na,4,Na,40,0,0,Na,0.5
LA,24-09-13,9,4,1,9,22,2.5,Na,0,0,0,0,0,0,0,Na,10,Na,0.6,Na,30,0,0,0,0
LA,24-09-13,9,4,2,9,22,2.5,Na,0,0,0,0,0,0,0,Na,20,Na,5,Na,40,0,0,Na,1
LA,24-09-13,9,4,3,9,22,2.5,Na,0,0,0,0,0,0,0,Na,15,Na,0.8,Na,18,0,0,Na,0
LA,24-09-13,9,5,1,9,22,2.5,Na,0,0,0,0,0,0,0,Na,17,Na,2.5,Na,22.5,0,0,Na,0.5
LA,24-09-13,9,5,2,9,22,2.5,Na,0,0,0,0,0,0,0,Na,18,Na,0,Na,60,0,0,Na,0
LA,24-09-13,9,5,3,9,22,2.5,Na,0,0,0,0,0,0,0,Na,25,Na,5,Na,68,0,0,Na,0.8
LA,15-10-13,10,1,1,9,22,2.5,35.9,11,0,0,0,0,0,0,0,0,100,60,12.14,8,0,0,0,0
LA,15-10-13,10,1,2,9,22,2.5,Na,10,0,0,0,0,0,0,0,0,Na,50,Na,10,0,0,,0
LA,15-10-13,10,1,3,9,22,2.5,Na,15,0,0,0,0,0,0,0,0,Na,55,Na,10,0,0,0,0
LA,15-10-13,10,2,1,9,22,2.5,36,12,0,0,0,0,0,0,0,0,96,45,11,6,0,0,0,0
LA,15-10-13,10,2,2,9,22,2.5,Na,14,0,0,0,0,0,0,0,0,Na,40,Na,8,0,0,0,0
LA,15-10-13,10,2,3,9,22,2.5,Na,18,0,0,0,0,0,0,0,0,Na,38,Na,7,0,0,0,0
LA,15-10-13,10,3,1,9,22,2.5,40,16,0,0,0,0,0,0,0,0,108,40,13.5,7,0,0,0,0
LA,15-10-13,10,3,2,9,23,2.5,Na,20,0,0,0,0,0,0,0,0,Na,50,Na,8,0,0,0,0
LA,15-10-13,10,3,3,9,23,2.5,Na,18,0,0,0,0,0,0,0,0,Na,45,Na,5,0,0,0,0
LA,15-10-13,10,4,1,9,23,2.5,Na,17,0,0,0,0,0,0,0,0,Na,10,Na,7,0,0,0,0
LA,15-10-13,10,4,2,9,23,2.25,Na,15,0,0,0,0,0,0,0,0,Na,42,Na,6,0,0,0,0
LA,15-10-13,10,4,3,9,23,2.25,Na,13,0,0,0,0,0,0,0,0,Na,30,Na,8,0,0,0,0
LA,15-10-13,10,5,1,9,23,2.25,Na,20,0,0,0,0,0,0,0,0,Na,40,Na,5,0,0,0,0
LA,15-10-13,10,5,2,9,23,2.25,Na,35,0,0,0,0,0,0,0,0,Na,15.5,Na,7,0,0,0,0
LA,15-10-13,10,5,3,9,23,2.25,Na,15,0,0,0,0,0,0,0,0,Na,45,Na,0,0,0,0,0
LA,29-11-13,11,1,1,9,23,2.25,0,0,0,0,0,0,0,0,0,0,377.33,88,7.71,2.46,0,0,0,0
LA,29-11-13,11,1,2,9,23,2.25,Na,10,0,0,0,0,0,0,0,0,Na,70,Na,1,0,0,0,0
LA,29-11-13,11,1,3,9,23,2.25,Na,0,0,0,0,0,0,0,0,0,Na,70,Na,2,0,0,0,0
LA,29-11-13,11,2,1,9,22,2.25,36.29,11.57,0,0,0,0,0,0,0,0,0,Na,10.76,3.43,0,0,0,0
LA,29-11-13,11,2,2,9,22,2.25,Na,13,0,0,0,0,0,0,0,0,Na,60,Na,2,0,0,0,0
LA,29-11-13,11,2,3,9,22,2.25,Na,10,0,0,0,0,0,0,0,0,Na,45,Na,3,0,0,0,0
LA,29-11-13,11,3,1,9,22,2.38,13.24,4.22,0,0,0,0,0,0,0,0,108.54,34.72,0,0,0,0,0,0
LA,29-11-13,11,3,2,9,22,2.38,Na,7,0,0,0,0,0,0,0,0,Na,25,Na,4,0,0,0,0
LA,29-11-13,11,3,3,9,22,2.38,Na,6.5,0,0,0,0,0,0,0,0,Na,30,Na,0,0,0,0,0
LA,29-11-13,11,4,1,9,22,2.38,Na,5.2,0,0,0,0,0,0,0,0,Na,45,Na,0,0,0,0,0
LA,29-11-13,11,4,2,9,22,2.38,Na,3.8,0,0,0,0,0,0,0,0,Na,0,Na,1,0,0,0,0
LA,29-11-13,11,4,3,9,22,2.38,Na,4,0,0,0,0,0,0,0,0,Na,38,Na,0,0,0,0,0
LA,29-11-13,11,5,1,9,22,2.38,Na,10,0,0,0,0,0,0,0,0,Na,80,Na,1,0,0,0,0
LA,29-11-13,11,5,2,9,22,2.38,Na,8,0,0,0,0,0,0,0,0,Na,48,Na,0.5,0,0,0,0
LA,29-11-13,11,5,3,9,22,2.38,Na,15,0,0,0,0,0,0,0,0,Na,0,Na,0,0,0,0,0
LA,13-12-13,12,1,1,9,22,2.38,0,0,0,0,0,0,0,0,0,0,115.6,51,0,0,2.85,1.24,0.95,0.41
LA,13-12-13,12,1,2,9,22,2.38,Na,48.5,0,0,0,0,0,0,0,0,Na,49,Na,1,Na,1,Na,0.5
LA,13-12-13,12,1,3,9,22,2.38,Na,57.3,0,0,0,0,0,0,0,0,Na,38.5,Na,0,Na,2,Na,1
LA,13-12-13,12,2,1,9,21,2.38,176.73,77.06,0,0,0,0,0,0,0,0,23.4,10.2,Na,1,2,1,2,1
LA,13-12-13,12,2,2,9,21,2.38,Na,75,0,0,0,0,0,0,0,0,Na,20,Na,2,Na,0,Na,0.5
LA,13-12-13,12,2,3,9,21,2.38,Na,60,0,0,0,0,0,0,0,0,Na,37,Na,0,Na,0,Na,0.5
LA,13-12-13,12,3,1,9,21,2.38,90.89,39.63,0,0,0,0,0,0,0,0,44.6,19.45,Na,2,4.4,2,Na,0.7
LA,13-12-13,12,3,2,9,21,2.38,Na,38.4,0,0,0,0,0,0,0,0,Na,30,Na,1,Na,1,Na,0
LA,13-12-13,12,3,3,9,21,2.38,Na,42,0,0,0,0,0,0,0,0,Na,25,Na,1,Na,1.5,Na,0.5
LA,13-12-13,12,4,1,9,21,2.38,Na,40.7,0,0,0,0,0,0,0,0,Na,20,Na,0,Na,1,Na,1
LA,13-12-13,12,4,2,9,21,2.38,Na,35,0,0,0,0,0,0,0,0,Na,16.2,Na,3,Na,1.3,Na,0
LA,13-12-13,12,4,3,9,21,2.38,Na,36.5,0,0,0,0,0,0,0,0,Na,15,Na,1,Na,0,Na,0
LA,13-12-13,12,5,1,9,21,2.38,Na,60,0,0,0,0,0,0,0,0,Na,22,Na,1,Na,0.5,Na,1
LA,13-12-13,12,5,2,9,21,2.38,Na,45,0,0,0,0,0,0,0,0,Na,30,Na,0,Na,0,Na,0.4
LA,13-12-13,12,5,3,9,21,2.38,Na,15,0,0,0,0,0,0,0,0,Na,20,Na,0,Na,0.8,Na,0
LA,24-01-14,1,1,1,9,19,2.38,5.29,3.05,0,0,0,0,0,0,0,0,113.18,65.31,4.47,2.58,9.04,5.21,0,0
LA,24-01-14,1,1,2,9,19,2.38,Na,4.5,0,0,0,0,0,0,0,0,Na,55,Na,2,Na,2,Na,0.5
LA,24-01-14,1,1,3,9,19,2.38,Na,5,0,0,0,0,0,0,0,0,Na,50,Na,1,Na,0,Na,0
LA,24-01-14,1,2,1,9,19,2.38,6.82,3.93,0,0,0,0,0,0,0,0,140.94,81.33,53.32,30.77,10.33,5.96,0.23,0.13
LA,24-01-14,1,2,2,9,19,2.38,Na,3.6,0,0,0,0,0,0,0,0,Na,75,Na,4,Na,6,Na,0.2
LA,24-01-14,1,2,3,9,19,2.38,Na,4.2,0,0,0,0,0,0,0,0,Na,60,Na,15,Na,0,Na,0.1
LA,24-01-14,1,3,1,9,19,2.38,16.74,9.66,0,0,0,0,0,0,0,0,102.73,59.28,28.56,16.5,18.89,10.9,0,0
LA,24-01-14,1,3,2,9,20,2.38,Na,8.8,0,0,0,0,0,0,0,0,Na,42,Na,10,Na,5,Na,0
LA,24-01-14,1,3,3,9,20,2.38,Na,10,0,0,0,0,0,0,0,0,Na,51,Na,15,Na,8,Na,0.1
LA,24-01-14,1,4,1,9,20,2.2,25.48,14.7,0,0,0,0,0,0,0,0,6.32,3.65,2.18,1.26,0,0,Na,0
LA,24-01-14,1,4,2,9,20,2.2,Na,12,0,0,0,0,0,0,0,0,Na,5,Na,2,Na,0,Na,0.1
LA,24-01-14,1,4,3,9,20,2.2,Na,16,0,0,0,0,0,0,0,0,Na,24,Na,8,Na,0,Na,0.2
LA,24-01-14,1,5,1,9,20,2.2,Na,15,0,0,0,0,0,0,0,0,Na,Na,17.92,10.34,0,0,Na,0
LA,24-01-14,1,5,2,9,20,2.2,Na,24,0,0,0,0,0,0,0,0,Na,60,Na,12,Na,0,Na,0.5
LA,24-01-14,1,5,3,9,20,2.2,Na,8,0,0,0,0,0,0,0,0,Na,35,Na,10,Na,0,Na,0
LA,15-02-14,2,1,1,9,20,2.2,19.09,12.33,0,0,0,0,0,,30.66,19.81,0,Na,0,0,0,0,0.18,0.12
LA,15-02-14,2,1,2,9,18.5,2.2,Na,13,0,0,0,0,0,0,Na,20,Na,58,Na,2,Na,0,Na,1
LA,15-02-14,2,1,3,9,18.5,2.2,Na,15.57,0,0,0,0,0,0,Na,20,Na,15,Na,8,Na,0,Na,1
LA,15-02-14,2,2,1,9,18.5,2.2,2.22,1.43,0,0,0,0,0,0,0.43,0.27,149.8,96.78,5.84,3.77,0.1,0.06,3.94,2.56
LA,15-02-14,2,2,2,9,18.5,2.2,Na,2,0,0,0,0,0,0,Na,1,Na,40,Na,5,Na,0.5,Na,2
LA,15-02-14,2,2,3,9,18.5,2.2,Na,2,0,0,0,0,0,0,Na,0,Na,35,Na,4,Na,0,Na,1
LA,15-02-14,2,3,1,9,18,2.2,69.75,45.06,0,0,0,0,0,0,0,6,0,Na,0,0,Na,0,0.64,0.41
LA,15-02-14,2,3,2,9,18,2.2,Na,50,0,0,0,0,0,0,Na,10,Na,85,Na,1,Na,0,Na,1
LA,15-02-14,2,3,3,9,18,2.2,Na,45,0,0,0,0,0,0,Na,4,Na,34,Na,2,Na,0,Na,0.5
LA,15-02-14,2,4,1,9,18,2.2,0,0,0,0,0,0,0,0,0,1,0,0,1.06,0.68,Na,0,0.38,0.24
LA,15-02-14,2,4,2,9,18,2.2,Na,37,0,0,0,0,0,0,Na,0,Na,58,Na,1,Na,0,Na,0.3
LA,15-02-14,2,4,3,9,18,2.2,Na,18,0,0,0,0,0,0,Na,18,Na,60,Na,1,Na,0,Na,0.5
LA,15-02-14,2,5,1,9,18,2.2,0,0,0,0,0,0,0,0,0,0,8.91,5.76,0.08,0.05,Na,0,1.43,0.92
LA,15-02-14,2,5,2,9,18,2.2,Na,20,0,0,0,0,0,0,Na,4,Na,8,Na,1,Na,0,Na,0.7
LA,15-02-14,2,5,3,9,18,2.2,Na,34,0,0,0,0,0,0,Na,15,Na,10,Na,1,Na,0,Na,1
LA,08-03-14,3,1,1,9,18,2.2,15.36,6.5,0,0,0,0,3.05,1.27,7.32,3.02,38.12,18.9,100,45.71,0,0,0,0
LA,08-03-14,3,1,2,9,18,2.2,Na,6,0,0,0,0,Na,1,Na,2,Na,20,Na,10,0,0,0,0
LA,08-03-14,3,1,3,9,19,2.2,Na,7.3,0,0,0,0,Na,1,Na,5,Na,16,Na,15,0,0,0,0
LA,08-03-14,3,2,1,9,19,2.2,1.3,0.88,0,0,0,0,4.02,1.68,0.92,0.42,30,15.4,40.32,22.29,0,0,0,0
LA,08-03-14,3,2,2,9,19,2.2,Na,0.65,0,0,0,0,Na,2,Na,2,Na,18.5,Na,15,0,0,0,0
LA,08-03-14,3,2,3,9,19,2.2,Na,1,0,0,0,0,Na,2,Na,1,Na,20,Na,25,0,0,0,0
LA,08-03-14,3,3,1,9,19,2.2,40,15.57,0,0,0,0,0,0,6.04,2.39,40.98,22.49,25.68,12.37,0,0,0,0
LA,08-03-14,3,3,2,9,19,2.2,Na,15,0,0,0,0,Na,1,Na,5,Na,40,Na,15,0,0,0,0
LA,08-03-14,3,3,3,9,19,2.2,Na,16,0,0,0,0,Na,2,Na,1,Na,35,Na,25,0,0,0,0
LA,08-03-14,3,4,1,9,18,2.2,Na,10,0,0,0,0,Na,1,Na,0,Na,Na,Na,Na,0,0,0,0
LA,08-03-14,3,4,2,9,18,2.45,Na,5,0,0,0,0,Na,1.2,Na,4.2,Na,20,Na,15,0,0,0,0
LA,08-03-14,3,4,3,9,18,2.45,Na,10,0,0,0,0,Na,1,Na,3,Na,13,Na,34,0,0,0,0
LA,08-03-14,3,5,1,9,18,2.45,Na,0,0,0,0,0,Na,1,Na,0,Na,Na,Na,Na,0,Na,0,0
LA,08-03-14,3,5,2,9,18,2.45,Na,5,0,0,0,0,Na,1.5,Na,2.5,Na,25,Na,22,0,Na,0,0
LA,08-03-14,3,5,3,9,18,2.45,Na,7,0,0,0,0,Na,1,Na,2,Na,10,Na,19,0,Na,0,0
LA,12-04-14,4,1,1,9,22.5,2.45,11.74,4.87,0,0,0,0,3.11,1.29,0.34,0.14,38.31,15.9,50.94,21.13,0,0,0,0
LA,12-04-14,4,1,2,9,22.5,2.45,Na,5,0,0,0,0,Na,1,Na,1,Na,20,Na,18,0,0,0,0
LA,12-04-14,4,1,3,9,22.5,2.45,Na,5,0,0,0,0,Na,1.5,Na,1,Na,20,Na,22,0,0,0,0
LA,12-04-14,4,2,1,9,22.5,2.45,1.53,0.64,0,0,0,0,0,0,6.23,2.59,15.83,6.57,334.7,100,0,0,0,0
LA,12-04-14,4,2,2,9,22.5,2.45,Na,0.5,0,0,0,0,Na,1,Na,5,Na,7,Na,25,0,0,0,0
LA,12-04-14,4,2,3,9,22.5,2.45,Na,0.75,0,0,0,0,Na,1,Na,2,Na,6.5,Na,30,0,0,0,0
LA,12-04-14,4,3,1,9,22.5,2.45,0,0,0,0,0,0,0,0,0,7,0,0,111.85,46.41,0,0,0,0
LA,12-04-14,4,3,2,9,22.5,2.45,Na,10,0,0,0,0,Na,1,Na,0,Na,3,Na,0,0,0,0,0
LA,12-04-14,4,3,3,9,22.5,2.45,Na,22,0,0,0,0,Na,0,Na,1,Na,8,Na,63,0,0,0,0
LA,12-04-14,4,4,1,9,22.5,2.45,63.5,26.35,0,0,0,0,3.58,1.49,0.12,0.05,0,0,4.7,1.95,0,0,0,0
LA,12-04-14,4,4,2,9,22.5,2.45,Na,25,0,0,0,0,Na,1.5,Na,1,Na,32.5,Na,5,0,0,0,0
LA,12-04-14,4,4,3,9,22.5,2.45,Na,30,0,0,0,0,Na,1.5,Na,0.5,Na,15,Na,10,0,0,0,0
LA,12-04-14,4,5,1,9,22.5,2.45,Na,14,0,0,0,0,Na,1,Na,1,Na,20,Na,1,0,0,0,0
LA,12-04-14,4,5,2,9,22.5,2.45,Na,30,0,0,0,0,Na,2,Na,1,Na,22,Na,0,0,0,0,0
LA,12-04-14,4,5,3,9,22.5,2.45,Na,10,0,0,0,0,Na,1.5,Na,2,Na,9.5,Na,1,0,0,0,0
LA,09-05-14,5,1,1,9,23,2.45,5.43,2.75,48.37,24.55,0,0,0,0,0,0,0,0,26.57,13.48,0,0,0,0
LA,09-05-14,5,1,2,9,23,2.45,Na,3.05,Na,40,0,0,0,0,Na,1,Na,0,Na,10,0,0,0,0
LA,09-05-14,5,1,3,9,23,2.45,Na,3,Na,35,0,0,0,0,Na,1,Na,0,Na,8,0,0,0,0
LA,09-05-14,5,2,1,9,23,2.45,0,0,0,0,0,0,0,0,0,0,113.26,57.49,0,0,0,0,0.03,0.01
LA,09-05-14,5,2,2,9,23,2.45,Na,2,Na,18,0,0,0,0,Na,1.2,Na,50,Na,1,0,0,0,0
LA,09-05-14,5,2,3,9,23,2.45,Na,0,Na,20,0,0,0,0,Na,0,Na,45,Na,1,0,0,0,0.5
LA,09-05-14,5,3,1,9,23,2.45,2.54,1.29,72.33,36.71,0,0,0,0,1.52,0.77,66.48,33.74,13.43,6.82,0,0,0,0
LA,09-05-14,5,3,2,9,23,2.45,Na,2,Na,28,0,0,0,0,Na,1,Na,40,Na,5,0,0,0,0
LA,09-05-14,5,3,3,9,23,2.45,Na,1.5,Na,55,0,0,0,0,Na,1.5,Na,18,Na,1,0,0,0,0
LA,09-05-14,5,4,1,9,23,2.45,1.27,0.65,91.36,46.37,0,0,0,0,0,0,30.52,15.49,33.05,16.78,0,0,0,0
LA,09-05-14,5,4,2,9,23,2.45,Na,0.5,Na,68,0,0,0,0,Na,0,Na,16.7,Na,8,0,0,0,0
LA,09-05-14,5,4,3,9,23,2.45,Na,0.7,Na,25,0,0,0,0,Na,1.4,Na,20,Na,5,0,0,0,0
LA,09-05-14,5,5,1,9,23,2.45,Na,0,0,0,0,0,0,0,Na,1.5,Na,2,Na,5,0,0,0,0
LA,09-05-14,5,5,2,9,23,2.45,Na,5,Na,45,0,0,0,0,Na,2,Na,5,Na,0,0,0,0,0
LA,09-05-14,5,5,3,9,23,2.45,Na,5,Na,61,0,0,0,0,Na,1,Na,10,Na,18,0,0,0,0
LA,28-06-14,6,1,1,9,24,2.4,0,0,0,0,51.77,28.65,0.43,0.24,0,0,4.41,2.44,0.77,0.43,0,0,0,0
LA,28-06-14,6,1,2,9,24,2.4,Na,1,0,0,Na,50,Na,0.5,Na,0,Na,7,Na,1,Na,0.4,Na,0.1
LA,28-06-14,6,1,3,9,24,2.4,Na,1,0,0,Na,28,Na,1,Na,0,Na,3.5,Na,5,Na,0.5,Na,0.2
LA,28-06-14,6,2,1,9,24,2.4,0.89,0.49,0,0,0,0,2.62,1.42,0,0,19.34,10.7,27.67,15.31,0.52,0.28,0.24,0.13
LA,28-06-14,6,2,2,9,24,2.4,Na,0.5,0,0,Na,12,Na,1,Na,0,Na,12,Na,10,Na,0.5,Na,0.5
LA,28-06-14,6,2,3,9,24,2.4,Na,0.7,0,0,Na,18,Na,1,Na,0,Na,6,Na,10,Na,0.2,Na,0.2
LA,28-06-14,6,3,1,9,24,2.4,0,0,0,0,0,0,0.15,0.09,0.056,0.01,0,0,17.74,9.82,0.03,0.01,0.2,0.11
LA,28-06-14,6,3,2,9,23.5,2.4,Na,1,0,0,Na,25,Na,1,Na,0.2,Na,5,Na,10,Na,0.25,Na,0.5
LA,28-06-14,6,3,3,9,23.5,2.4,Na,12,0,0,Na,42,Na,0.5,Na,0.5,Na,0,Na,12,Na,0,Na,0.3
LA,28-06-14,6,4,1,9,23.5,2.4,17.34,9.59,0,0,0.09,0.05,0.22,0.12,0.26,0.15,7.28,4.03,0,0,0.25,0.14,0.26,0.15
LA,28-06-14,6,4,2,9,23.5,2.4,Na,8,0,0,0,5,Na,0.5,Na,1,Na,5,Na,0,Na,0.2,Na,0.5
LA,28-06-14,6,4,3,9,23.5,2.8,Na,10,0,0,0,78,Na,0.1,Na,0,Na,5,Na,5,Na,0.29,Na,0.7
LA,28-06-14,6,5,1,9,23.5,2.8,Na,0,0,0,304.8,100,0.023,0.01,0.51,0.28,3.93,2.18,0,0,0,0,0.32,0.18
LA,28-06-14,6,5,2,9,23.5,2.8,Na,15,0,0,Na,45,Na,0.1,Na,0.5,Na,3.5,Na,1,Na,0.1,Na,0.5
LA,28-06-14,6,5,3,9,23.5,2.8,Na,6,0,0,Na,56,Na,0.1,Na,0.5,Na,5,Na,0,Na,0.2,Na,0.5
IP,17-10-13,10,1,1,8,24,1.5,0,0,51.4,22,15.3,9.5,0,0,0,0,0,0,0,0,0,0,Na,4.2
IP,17-10-13,10,1,2,8,24,1.5,0,0,35.7,15,10.2,6.8,0,0,0,0,0,0,0,0,0,0,0,0
IP,17-10-13,10,1,3,8,24,1.5,0,0,0,0,0,0,0,0,0,0,0,0,0,0,0,0,0,0
IP,17-10-13,10,2,1,8,24,1.5,0,0,0,0,0,0,0,0,0,0,0,0,Na,2.2,0,0,0,0
IP,17-10-13,10,2,2,8,24,1.5,0,0,0,0,0,0,0,0,0,0,0,0,0,0,0,0,0,0
IP,17-10-13,10,2,3,8,24,1.8,0,0,0,0,0,0,0,0,0,0,0,0,Na,3,0,0,0,0
IP,17-10-13,10,3,1,8,24,1.8,0,0,0,0,0,0,0,0,0,0,0,0,0,0,0,0,0,0
IP,17-10-13,10,3,2,8,24,1.8,0,0,0,0,0,0,0,0,0,0,0,0,Na,20.5,0,0,0,0
IP,17-10-13,10,3,3,8,24,1.8,0,0,0,0,0,0,0,0,0,0,0,0,Na,33.7,0,0,0,0
IP,17-10-13,10,4,1,8,24,2.8,0,0,48,20,0,0,0,0,0,0,0,0,0,0,0,0,0,0
IP,17-10-13,10,4,2,8,24,2.8,0,0,0,0,0,0,0,0,0,0,0,0,Na,38.5,0,0,0,0
IP,17-10-13,10,4,3,8,24,2.8,0,0,0,0,0,0,0,0,0,0,0,0,0,0,0,0,0,0
IP,17-10-13,10,5,1,8,24,2.1,Na,Na,Na,Na,Na,Na,Na,Na,Na,Na,Na,Na,Na,Na,Na,Na,Na,Na
IP,17-10-13,10,5,2,8,24,2.1,Na,Na,Na,Na,Na,Na,Na,Na,Na,Na,Na,Na,Na,Na,Na,Na,Na,Na
IP,17-10-13,10,5,3,8,24,2.1,Na,Na,Na,Na,Na,Na,Na,Na,Na,Na,Na,Na,Na,Na,Na,Na,Na,Na
IP,17-10-13,10,1,1,8,24,2.1,0,0,0,0,0,0,0,0,0,0,0,0,Na,2.2,0,0,0,0
IP,17-10-13,10,1,2,8,24,2.1,0,0,0,0,0,0,0,0,0,0,0,0,0,0,0,0,0,0
IP,17-10-13,10,1,3,8,24,2.1,0,0,0,0,0,0,0,0,0,0,0,0,Na,16.5,0,0,0,0
IP,17-10-13,10,1,4,8,24,2.1,0,0,0,0,0,0,0,0,0,0,0,0,Na,4.2,0,0,0,0
IP,17-10-13,10,1,5,8,24,2.1,0,0,0,0,0,0,0,0,0,0,0,0,Na,6.6,0,0,0,0
IP,17-10-13,10,2,6,8,24,2.1,0,0,0,0,0,0,0,0,0,0,0,0,Na,2.1,0,0,0,0
IP,17-10-13,10,2,7,8,24,2.1,0,0,0,0,0,0,0,0,0,0,0,0,Na,8.4,0,0,0,0
IP,17-10-13,10,2,8,8,24,1.42,0,0,0,0,0,0,0,0,0,0,0,0,Na,7,0,0,0,0
IP,17-10-13,10,2,9,8,24,1.42,0,0,0,0,0,0,0,0,0,0,0,0,Na,20.3,0,0,0,0
IP,17-10-13,10,2,10,8,24,1.42,0,0,0,0,0,0,0,0,0,0,0,0,Na,15.1,0,0,0,0
IP,17-10-13,10,3,11,8,24,1.42,0,0,0,0,0,0,0,0,0,0,0,0,Na,5.7,0,0,0,0
IP,17-10-13,10,3,12,8,24,1.42,0,0,0,0,70.5,40.2,0,0,0,0,0,0,Na,5,0,0,0,0
IP,17-10-13,10,3,13,8,24,1.42,0,0,0,0,63.3,34.5,0,0,0,0,0,0,Na,8.8,0,0,0,0
IP,17-10-13,10,3,14,8,24,1.42,0,0,0,0,0,0,0,0,0,0,0,0,Na,8.5,0,0,0,0
IP,17-10-13,10,3,15,8,24,1.42,0,0,0,0,0,0,0,0,0,0,0,0,0,0,0,0,0,0
IP,17-10-13,10,5,16,8,24,3.3,0,0,0,0,0,0,0,0,0,0,0,0,0,0,0,0,0,0
IP,17-10-13,10,5,17,8,24,3.3,0,0,0,0,0,0,0,0,0,0,0,0,Na,4,0,0,0,0
IP,17-10-13,10,5,18,8,24,3.3,0,0,0,0,7.8,5.2,0,0,0,0,0,0,Na,4.6,0,0,0,0
IP,17-10-13,10,5,19,8,24,3.3,0,0,0,0,0,0,0,0,0,0,0,0,0,0,0,0,0,0
IP,17-10-13,10,1,1,8,24,3.3,Na,0,0,0,0,0,0,0,0,0,0,0,0,0,0,0,0,0
IP,17-10-13,10,1,2,8,24,3.3,Na,0,0,0,0,0,0,0,0,0,0,0,0,0,0,0,0,0
IP,17-10-13,10,1,3,8,24,3.3,Na,0,0,0,0,0,0,0,0,0,0,0,0,0,0,0,0,0
IP,17-10-13,10,1,4,8,24,3.3,Na,0,0,0,0,0,0,0,0,0,0,0,0,0,0,0,0,0
IP,17-10-13,10,1,5,8,24,3.3,Na,0,0,0,0,0,0,0,0,0,0,0,0,0,0,0,0,0
IP,17-10-13,10,2,1,8,24,3.3,Na,0,0,0,0,0,0,0,0,0,0,0,Na,3,0,0,0,0
IP,17-10-13,10,2,2,8,24,3.3,Na,0,0,0,0,0,0,0,0,0,0,0,Na,2,0,0,0,0
IP,17-10-13,10,2,3,8,24,3.3,Na,0,0,0,0,0,0,0,0,0,0,0,Na,10,0,0,0,0
IP,17-10-13,10,2,4,8,24,3.3,Na,0,0,0,3.3,2.2,0,0,0,0,0,0,Na,1,0,0,0,0
IP,17-10-13,10,2,5,8,24,1.76,Na,0,0,0,4.7,3.4,0,0,0,0,0,0,Na,14.5,0,0,0,0
IP,17-10-13,10,3,1,8,24,1.76,Na,0,0,0,0,0,0,0,0,0,0,0,Na,8.2,0,0,0,0
IP,17-10-13,10,3,2,8,24,1.76,0,0,0,0,0,0,0,0,0,0,0,0,0,0,0,0,0,0
IP,17-10-13,10,3,3,8,24,1.76,0,0,0,0,0,0,0,0,0,0,0,0,0,0,0,0,0,0
IP,17-10-13,10,3,4,8,24,1.76,0,0,0,0,0,0,0,0,0,0,0,0,0,0,0,0,0,0
IP,17-10-13,10,3,5,8,24,1.76,0,0,0,0,0,0,0,0,0,0,0,0,Na,41.5,0,0,0,0
IP,17-10-13,10,5,1,8,24,1.76,0,0,0,0,0,0,0,0,0,0,0,0,Na,36.7,0,0,0,0
IP,17-10-13,10,5,2,8,24,1.76,0,0,0,0,1,0,0,0,0,0,0,0,Na,26,0,0,0,0
IP,17-10-13,10,5,3,8,24,1.76,0,0,0,0,0,0,0,0,0,0,0,0,0,0,0,0,0,0
IP,17-10-13,10,5,4,8,24,1.76,0,0,0,0,0,0,0,0,0,0,0,0,0,0,0,0,0,0
IP,17-10-13,10,5,5,8,24,1.76,0,0,0,0,0,0,0,0,0,0,0,0,0,0,0,0,0,0
IP,17-10-13,10,6,1,8,24,1.76,0,0,24.5,11.3,0,0,0,0,0,0,0,0,Na,4.5,0,0,0,0
IP,17-10-13,10,6,2,8,24,1.76,0,0,22.44,10.5,0,0,0,0,0,0,0,0,Na,3.3,0,0,0,0
IP,17-10-13,10,6,3,8,24,1.76,0,0,0,0,0,0,0,0,0,0,0,0,Na,11.5,0,0,Na,1
IP,17-10-13,10,6,4,8,24,1.76,0,0,0,0,13.2,8.5,0,0,0,0,0,0,0,0,0,0,0,0
IP,17-10-13,10,6,5,8,24,1.76,0,0,25,11.5,0,0,0,0,0,0,0,0,0,0,0,0,0,0
IP,13-03-14,3,1,1,8,17,2.2,0,0,0,0,0,0,0,0,6.8,5,23.5,15,0,0,0,0,0,0
IP,13-03-14,3,1,2,8,17,2.2,0,0,0,0,0,0,0,0,15.3,10.5,0,0,12.7,10,0,0,0,0
IP,13-03-14,3,1,3,8,17,2.2,0,0,0,0,0,0,0,0,3.3,4,12,6.5,0,0,0,0,0,0
IP,13-03-14,3,2,1,8,17,2.2,0,0,0,0,0,0,0,0,5.9,5,15,6,0,0,0,0,0,0
IP,13-03-14,3,2,2,8,17,1.9,0,0,0,0,0,0,0,0,12.4,8,0,0,9.5,5,0,0,0,0
IP,13-03-14,3,2,3,8,17,1.9,0,0,0,0,0,0,0,0,0,0,0,0,0,0,0,0,0,0
IP,13-03-14,3,3,1,8,17,1.9,0,0,0,0,0,0,0,0,22.1,14.4,0,0,0,0,0,0,0,0
IP,13-03-14,3,3,2,8,17,1.9,0,0,0,0,0,0,0,0,0,0,0,0,0,0,0,0,0,0
IP,13-03-14,3,3,3,8,17,1.9,0,0,0,0,0,0,0,0,0,0,0,0,20.5,16.5,0,0,0,0
IP,13-03-14,3,4,1,8,17,2.5,0,0,0,0,0,0,0,0,0,0,0,0,0,0,0,0,0,0
IP,13-03-14,3,4,2,8,17,2.5,0,0,0,0,0,0,0,0,0,0,0,0,19.2,15,0,0,0,0
IP,13-03-14,3,4,3,8,17,2.5,0,0,0,0,0,0,0,0,0,0,0,0,0,0,0,0,0,0
IP,13-03-14,3,5,1,8,17,2.5,0,0,0,0,0,0,0,0,0,0,12.3,5.5,0,0,0,0,0,0
IP,13-03-14,3,5,2,8,17,2.5,0,0,0,0,0,0,0,0,13.2,8,0,0,13.8,11.5,0,0,0,0
IP,13-03-14,3,5,3,8,17,2.5,0,0,0,0,0,0,0,0,14.5,10,0,0,5.5,10,0,0,0,0
PS,01-08-13,8,1,1,8,24,1.5,0,0,0,0,0,0,0,0,0.3,0.59,5.45,10.71,67,98,0,0,0.09,0.19
PS,01-08-13,8,1,2,8,24,1.5,0,0,0,0,0,0,0,0,Na,0.4,Na,3,Na,40,Na,0,Na,0
PS,01-08-13,8,1,3,8,24,1.5,0,0,0,0,0,0,0,0,Na,2,Na,2.5,Na,75,Na,0,Na,0
PS,01-08-13,8,2,1,8,24,1.5,0,0,0,0,0,0,0,0,1.32,2.59,0.69,1.32,19,37.4,0,0,0.04,0.089
PS,01-08-13,8,2,2,8,24,1.5,0,0,0,0,0,0,0,0,Na,3.1,Na,1.15,Na,80,Na,0,Na,0
PS,01-08-13,8,2,3,8,24,1.5,0,0,0,0,0,0,0,0,Na,2.9,Na,5,Na,60,Na,0,Na,0
PS,01-08-13,8,3,1,8,24,1.5,0,0,0,0,0,0,0,0,1.12,2.18,0.58,1.15,14.7,37.4,0,0,0.08,0.16
PS,01-08-13,8,3,2,8,24,1.5,0,0,0,0,0,0,0,0,Na,0,Na,9,Na,35,Na,0,Na,0
PS,01-08-13,8,3,3,8,24,1.5,0,0,0,0,0,0,0,0,Na,0.39,Na,2.9,Na,40,Na,0,Na,0.1
PS,01-08-13,8,4,1,8,24,1.5,0,0,0,0,0,0,0,0,Na,0.45,Na,10.5,Na,30,Na,0,Na,0
PS,01-08-13,8,4,2,8,24,1.5,0,0,0,0,0,0,0,0,Na,0,Na,11,Na,30,Na,0,Na,0
PS,01-08-13,8,4,3,8,24,1.5,0,0,0,0,0,0,0,0,Na,0,Na,0,Na,100,Na,0,Na,0
PS,01-08-13,8,5,1,8,24,1.5,0,0,0,0,0,0,0,0,Na,2,Na,4.8,Na,75,Na,0,Na,0
PS,01-08-13,8,5,2,8,24,1.5,0,0,0,0,0,0,0,0,Na,2,Na,1.1,Na,70,Na,0,Na,0
PS,01-08-13,8,5,3,8,24,1.5,0,0,0,0,0,0,0,0,Na,0,Na,0,Na,100,Na,0,Na,0.5
PS,01-09-13,9,1,1,8,24.5,1.3,0,0,0,0,0,0,0,0,2.05,2.11,9.07,9.43,87.43,90.78,0,0,0.12,0.13
PS,01-09-13,9,1,2,8,24.5,1.3,0,0,0,0,0,0,0,0,Na,0,Na,0,Na,64,Na,0,Na,0
PS,01-09-13,9,1,3,8,24.5,1.3,0,0,0,0,0,0,0,0,Na,2.5,Na,0,Na,87,Na,0,Na,0
PS,01-09-13,9,2,1,8,24.5,1.3,0,0,0,0,0,0,0,0,1.48,1.55,0,0,24.3,25.22,0,0,2.64,2.75
PS,01-09-13,9,2,2,8,24.5,1.3,0,0,0,0,0,0,0,0,Na,2.4,Na,10,Na,33,Na,0,Na,1
PS,01-09-13,9,2,3,8,24.5,1.3,0,0,0,0,0,0,0,0,Na,0,Na,0,Na,76,Na,0,Na,0
PS,01-09-13,9,3,1,8,24.5,1.3,0,0,0,0,0,0,0,0,0.26,0.28,0,0,65.7,67.48,0,0,0,0
PS,01-09-13,9,3,2,8,24.5,1.3,0,0,0,0,0,0,0,0,Na,0,Na,11,Na,30,Na,0,Na,1
PS,01-09-13,9,3,3,8,24.5,1.3,0,0,0,0,0,0,0,0,Na,0,Na,0,Na,54,Na,0,Na,0
PS,01-09-13,9,4,1,8,24.5,1.3,0,0,0,0,0,0,0,0,Na,0,Na,0,Na,90,Na,0,Na,0
PS,01-09-13,9,4,2,8,24.5,1.3,0,0,0,0,0,0,0,0,Na,0,Na,0,Na,65,Na,0,Na,0
PS,01-09-13,9,4,3,8,24.5,1.3,0,0,0,0,0,0,0,0,Na,2,Na,0,Na,45,Na,0,Na,0
PS,01-09-13,9,5,1,8,24.5,1.3,0,0,0,0,0,0,0,0,Na,1,Na,0,Na,90,Na,0,Na,0
PS,01-09-13,9,5,2,8,24.5,1.3,0,0,0,0,0,0,0,0,Na,1,Na,10,Na,78,Na,0,Na,1
PS,01-09-13,9,5,3,8,24.5,1.3,0,0,0,0,0,0,0,0,Na,1,Na,20,Na,25,Na,0,Na,1
PS,18-10-13,10,1,1,9,25,1.2,0,0,0,0,0,0,0,0,Na,0,32.5,92,9.55,27.2,0,0,0,0
PS,18-10-13,10,1,2,9,25,1.2,0,0,0,0,0,0,0,0,Na,1,Na,74,Na,15,Na,0,Na,0.1
PS,18-10-13,10,1,3,9,25,1.2,0,0,0,0,0,0,0,0,Na,0,Na,0,Na,40,Na,0,Na,0
PS,18-10-13,10,2,1,9,25,1.2,0,0,0,0,0,0,0,0,Na,0,0,0,12.9,36.8,0,0,0,0
PS,18-10-13,10,2,2,9,25,1.2,0,0,0,0,0,0,0,0,Na,0,Na,10,Na,8.5,Na,0,Na,0.5
PS,18-10-13,10,2,3,9,25,1.2,0,0,0,0,0,0,0,0,Na,0,Na,70,Na,0,Na,0,Na,0
PS,18-10-13,10,3,1,8,25,1.2,0,0,0,0,0,0,0,0,0.27,0.79,0.19,0.55,3.3,9.4,0,0,0.01,0.04
PS,18-10-13,10,3,2,8,25,1.2,0,0,0,0,0,0,0,0,Na,0,Na,11,Na,18,Na,0,Na,0
PS,18-10-13,10,3,3,8,25,1.2,0,0,0,0,0,0,0,0,Na,0,Na,0,Na,38,Na,0,Na,0
PS,18-10-13,10,4,1,8,25,1.2,0,0,0,0,0,0,0,0,Na,0,Na,88,Na,0,Na,0,Na,0.3
PS,18-10-13,10,4,2,8,25,1.2,0,0,0,0,0,0,0,0,Na,0,Na,60,Na,13,Na,0,Na,0
PS,18-10-13,10,4,3,8,25,1.2,0,0,0,0,0,0,0,0,Na,0,Na,72,Na,7.5,Na,0,Na,0.1
PS,18-10-13,10,5,1,8,25,1.2,0,0,0,0,0,0,0,0,Na,0,Na,55,Na,37,Na,0,Na,0
PS,18-10-13,10,5,2,8,25,1.2,0,0,0,0,0,0,0,0,Na,0.5,Na,10,Na,26,Na,0,Na,0
PS,18-10-13,10,5,3,8,25,1.2,0,0,0,0,0,0,0,0,Na,0,Na,40,Na,9,Na,0,Na,0.05
PS,27-11-13,11,1,1,9,23,1.3,0,0,0,0,0,0,0,0,Na,0,30.4,94.5,1.6,4.8,0,0,0,0
PS,27-11-13,11,1,2,9,23,1.3,0,0,0,0,0,0,0,0,Na,0,Na,10,Na,30,Na,0,Na,0
PS,27-11-13,11,1,3,9,23,1.3,0,0,0,0,0,0,0,0,Na,0,Na,45,Na,11,Na,0,Na,0
PS,27-11-13,11,2,1,9,23,1.3,0,0,0,0,0,0,0,0,Na,0,10.3,31.8,4.9,15.3,0,0,0,0
PS,27-11-13,11,2,2,9,23,1.3,0,0,0,0,0,0,0,0,Na,0,Na,85,Na,0,Na,0,Na,0.2
PS,27-11-13,11,2,3,9,23,1.3,0,0,0,0,0,0,0,0,Na,0,Na,70,Na,5,Na,0,Na,0.1
PS,27-11-13,11,3,1,9,23,1.3,0,0,0,0,0,0,0,0,Na,0,2.93,9.1,3.3,10.3,0,0,0,0
PS,27-11-13,11,3,2,9,23,1.3,0,0,0,0,0,0,0,0,Na,0,Na,35,Na,22.3,Na,0,Na,0
PS,27-11-13,11,3,3,9,23,1.3,0,0,0,0,0,0,0,0,Na,0,Na,12,Na,35.4,Na,0,Na,0
PS,27-11-13,11,4,1,9,23,1.3,0,0,0,0,0,0,0,0,Na,0,Na,25,Na,33,Na,0,Na,0
PS,27-11-13,11,4,2,9,23,1.3,0,0,0,0,0,0,0,0,Na,0,Na,80,Na,0,Na,0,Na,0.04
PS,27-11-13,11,4,3,9,23,1.3,0,0,0,0,0,0,0,0,Na,0,Na,9,Na,18.5,Na,0,Na,0
PS,27-11-13,11,5,1,9,23,1.3,0,0,0,0,0,0,0,0,Na,0,Na,75.5,Na,12.5,Na,0,Na,0
PS,27-11-13,11,5,2,9,23,1.3,0,0,0,0,0,0,0,0,Na,0,Na,88,Na,0,Na,0,Na,0.05
PS,27-11-13,11,5,3,9,23,1.3,0,0,0,0,0,0,0,0,Na,0,Na,59.2,Na,17.5,Na,0,Na,0
PS,18-12-13,12,1,1,8.5,22,1.4,0,0,0,0,0,0,0,0,Na,0,63.9,47.6,Na,9.2,0,0,0,0
PS,18-12-13,12,1,2,8.5,22,1.4,0,0,0,0,0,0,0,0,Na,0,Na,54,Na,15.7,Na,0,Na,0
PS,18-12-13,12,1,3,8.5,22,1.4,0,0,0,0,0,0,0,0,Na,0,Na,80,Na,0,Na,0,Na,0
PS,18-12-13,12,2,1,8.5,22,1.4,0,0,0,0,0,0,0,0,Na,0,170.2,100,Na,0,0,0,0,0
PS,18-12-13,12,2,2,8.5,22,1.4,0,0,0,0,0,0,0,0,Na,0,Na,67,Na,23,Na,0,Na,0
PS,18-12-13,12,2,3,8.5,22,1.4,0,0,0,0,0,0,0,0,Na,0,Na,88.4,Na,0,Na,0,Na,0
PS,18-12-13,12,3,1,8.5,22,1.4,0,0,0,0,0,0,0,0,Na,0,88.4,65.9,Na,0,0,0,0,0
PS,18-12-13,12,3,2,8.5,22,1.4,0,0,0,0,0,0,0,0,Na,0,Na,44,Na,35.2,Na,0,Na,0
PS,18-12-13,12,3,3,8.5,22,1.4,0,0,0,0,0,0,0,0,Na,0,Na,47.1,Na,33.5,Na,0,Na,0
PS,18-12-13,12,4,1,8.5,22,1.4,0,0,0,0,0,0,0,0,Na,0,Na,96,Na,0,Na,0,Na,0
PS,18-12-13,12,4,2,8.5,22,1.4,0,0,0,0,0,0,0,0,Na,0,Na,65.1,Na,0,Na,0,Na,0
PS,18-12-13,12,4,3,8.5,22,1.4,0,0,0,0,0,0,0,0,Na,0,Na,82,Na,0,Na,0,Na,0
PS,18-12-13,12,5,1,8.5,22,1.4,0,0,0,0,0,0,0,0,Na,0,Na,45,Na,22.4,Na,0,Na,0
PS,18-12-13,12,5,2,8.5,22,1.4,0,0,0,0,0,0,0,0,Na,0,Na,43.5,Na,18.5,Na,0,Na,0
PS,18-12-13,12,5,3,8.5,22,1.4,0,0,0,0,0,0,0,0,Na,0,Na,87.3,Na,0,Na,0,Na,0
PS,12-01-14,1,1,1,8,23,1.4,0,0,0,0,0,0,0,0,Na,,53.5,37.3,20.3,65.4,0,0,0,0
PS,12-01-14,1,1,2,8,23,1.4,0,0,0,0,0,0,0,0,Na,,Na,45.7,Na,33.5,Na,0,Na,0
PS,12-01-14,1,1,3,8,23,1.4,0,0,0,0,0,0,0,0,Na,,Na,80.2,Na,0,Na,0,Na,0
PS,12-01-14,1,2,1,8,23,1.4,0,0,0,0,0,0,0,0,Na,,111.5,80,0,0,0,0,0,0
PS,12-01-14,1,2,2,8,23,1.4,0,0,0,0,0,0,0,0,Na,,Na,80,Na,0,Na,0,Na,0
PS,12-01-14,1,2,3,8,23,1.4,0,0,0,0,0,0,0,0,Na,,Na,80,Na,0,Na,0,Na,0
PS,12-01-14,1,3,1,8,23,1.4,0,0,0,0,0,0,0,0,Na,,65.9,44.5,18.7,47.9,0,0,0,0
PS,12-01-14,1,3,2,8,23,1.4,0,0,0,0,0,0,0,0,Na,,Na,24.7,Na,60.4,Na,0,Na,0
PS,12-01-14,1,3,3,8,23,1.4,0,0,0,0,0,0,0,0,Na,,Na,37.5,Na,45.7,Na,0,Na,0
PS,12-01-14,1,4,1,8,23,1.4,0,0,0,0,0,0,0,0,Na,,Na,55.6,Na,35.5,Na,0,Na,0
PS,12-01-14,1,4,2,8,23,1.4,0,0,0,0,0,0,0,0,Na,,Na,73.1,Na,22.4,Na,0,Na,0
PS,12-01-14,1,4,3,8,23,1.4,0,0,0,0,0,0,0,0,Na,,Na,82.1,Na,0,Na,0,Na,0
PS,12-01-14,1,5,1,8,23,1.4,0,0,0,0,0,0,0,0,Na,,Na,30.5,Na,,Na,0,Na,0
PS,12-01-14,1,5,2,8,23,1.4,0,0,0,0,0,0,0,0,Na,,Na,43.5,Na,19.3,Na,0,Na,0
PS,12-01-14,1,5,3,8,23,1.4,0,0,0,0,0,0,0,0,Na,,Na,87.3,Na,0,Na,0,Na,0
PS,08-02-14,2,1,1,8.5,26,1.3,0,0,0,0,0,0,0,0,0.33,0.52,10.9,17.2,5.2,8.1,0,0,0,0
PS,08-02-14,2,1,2,8.5,26,1.3,0,0,0,0,0,0,0,0,Na,0.92,Na,75.3,Na,0,Na,0,Na,0
PS,08-02-14,2,1,3,8.5,26,1.3,0,0,0,0,0,0,0,0,Na,0,Na,22.5,Na,33.2,Na,0,Na,0
PS,08-02-14,2,2,1,8.5,26,1.3,0,0,0,0,0,0,0,0,0,0,28.8,45.3,12.95,30.77,0,0,0,0
PS,08-02-14,2,2,2,8.5,26,1.3,0,0,0,0,0,0,0,0,Na,0.88,Na,60.1,Na,12.3,Na,0,Na,0
PS,08-02-14,2,2,3,8.5,26,1.3,0,0,0,0,0,0,0,0,Na,0,Na,54.7,Na,9.5,Na,0,Na,0
PS,08-02-14,2,3,1,8.5,26,1.3,0,0,0,0,0,0,0,0,0.3,0.46,51.8,81.6,29.1,45.8,0,0,0,0
PS,08-02-14,2,3,2,8.5,26,1.4,0,0,0,0,0,0,0,0,Na,1,Na,46.2,Na,18.6,Na,0,Na,0
PS,08-02-14,2,3,3,8.5,26,1.4,0,0,0,0,0,0,0,0,Na,0,Na,52.5,Na,10,Na,0,Na,0
PS,08-02-14,2,4,1,8.5,26,1.4,0,0,0,0,0,0,0,0,Na,0,Na,80.2,Na,0,Na,0,Na,0
PS,08-02-14,2,4,2,8.5,26,1.4,0,0,0,0,0,0,0,0,Na,0,Na,11.8,Na,55.6,Na,0,Na,0
PS,08-02-14,2,4,3,8.5,26,1.4,0,0,0,0,0,0,0,0,Na,0.34,Na,77,Na,0,Na,0,Na,0
PS,08-02-14,2,5,1,8.5,26,1.4,0,0,0,0,0,0,0,0,Na,0,Na,56.5,Na,10.34,Na,0,Na,0
PS,08-02-14,2,5,2,8.5,26,1.4,0,0,0,0,0,0,0,0,Na,0,Na,36.2,Na,20.5,Na,0,Na,0
PS,08-02-14,2,5,3,8.5,26,1.4,0,0,0,0,0,0,0,0,Na,0,Na,15,Na,49.3,Na,0,Na,0
PS,05-03-14,3,1,1,8.8,25,1.1,0,0,0,0,0,0,0,0,0,0,50.3,80.2,0,0,0,0,0,0
PS,05-03-14,3,1,2,8.8,25,1.1,0,0,0,0,0,0,0,0,Na,0,Na,0,Na,45,Na,0,Na,0
PS,05-03-14,3,1,3,8.8,25,1.1,0,0,0,0,0,0,0,0,Na,0,Na,77.5,Na,0,Na,0,Na,0
PS,05-03-14,3,2,1,8.8,25,1.1,0,0,0,0,0,0,0,0,0,0,18.9,35.1,30,45.5,0,0,0,0
PS,05-03-14,3,2,2,8.8,25,1.1,0,0,0,0,0,0,0,0,Na,0,Na,35.4,Na,22.5,Na,0,Na,0
PS,05-03-14,3,2,3,8.8,25,1.1,0,0,0,0,0,0,0,0,Na,0,Na,22.7,Na,65,Na,0,Na,0
PS,05-03-14,3,3,1,8.8,25,1.1,0,0,0,0,0,0,0,0,0,0,20.3,39.8,Na,33.5,0,0,0,0
PS,05-03-14,3,3,2,8.8,25,1.1,0,0,0,0,0,0,0,0,Na,0,Na,86.5,Na,0,Na,0,Na,0
PS,05-03-14,3,3,3,8.8,25,1.1,0,0,0,0,0,0,0,0,Na,0,Na,76.2,Na,0,Na,0,Na,0
PS,05-03-14,3,4,1,8.8,25,1.1,0,0,0,0,0,0,0,0,Na,0,Na,0,Na,80.2,Na,0,Na,0
PS,05-03-14,3,4,2,8.8,25,1.1,0,0,0,0,0,0,0,0,Na,0,Na,32.5,Na,34.8,Na,0,Na,0
PS,05-03-14,3,4,3,8.8,25,1.1,0,0,0,0,0,0,0,0,Na,0,Na,11.7,Na,45,Na,0,Na,0
PS,05-03-14,3,5,1,8.8,25,1.1,0,0,0,0,0,0,0,0,Na,0,Na,0,Na,66,Na,0,0Na,0
PS,05-03-14,3,5,2,8.8,25,1.1,0,0,0,0,0,0,0,0,Na,0,Na,0,Na,45.6,Na,0,Na,0
PS,05-03-14,3,5,3,8.8,25,1.1,0,0,0,0,0,0,0,0,Na,0,Na,0,Na,35.5,Na,0,Na,0
PS,23-04-14,4,1,1,8,25,1.2,0,0,0,0,0,0,0,0,0,0,0.03,0.62,1.6,30.2,0,0,0,0
PS,23-04-14,4,1,2,8,25,1.2,0,0,0,0,0,0,0,0,Na,0,Na,1,Na,45.6,Na,0,Na,0
PS,23-04-14,4,1,3,8,25,1.2,0,0,0,0,0,0,0,0,Na,0,Na,5,Na,33.2,Na,0,Na,0
PS,23-04-14,4,2,1,8,25,1.2,0,0,0,0,0,0,0,0,0,0,0,0,3.2,62,0,0,0,0
PS,23-04-14,4,2,2,8,25,1.2,0,0,0,0,0,0,0,0,Na,0,Na,10,Na,28.5,Na,0,Na,0
PS,23-04-14,4,2,3,8,25,1.2,0,0,0,0,0,0,0,0,Na,0,Na,5,Na,55,Na,0,Na,0
PS,23-04-14,4,3,1,8,25,1.2,0,0,0,0,0,0,0,0,0,0,0.43,8.6,3.3,63.5,0,0,0,0
PS,23-04-14,4,3,2,8,25,1.2,0,0,0,0,0,0,0,0,Na,0,Na,8.2,Na,55,Na,0,Na,0
PS,23-04-14,4,3,3,8,25,1.2,0,0,0,0,0,0,0,0,Na,0,Na,9,Na,60,Na,0,Na,0
PS,23-04-14,4,4,1,8,25,1.2,0,0,0,0,0,0,0,0,Na,0,Na,0,Na,70,Na,0,Na,0
PS,23-04-14,4,4,2,8,25,1.2,0,0,0,0,0,0,0,0,Na,0,Na,0,Na,70,Na,0,Na,0
PS,23-04-14,4,4,3,8,25,1.2,0,0,0,0,0,0,0,0,Na,0,Na,0,Na,65,Na,0,Na,0
PS,23-04-14,4,5,1,8,25,1.2,0,0,0,0,0,0,0,0,Na,0,Na,0,Na,65.5,Na,0,Na,0
PS,23-04-14,4,5,2,8,25,1.2,0,0,0,0,0,0,0,0,Na,0,Na,0,Na,45,Na,0,Na,0
PS,23-04-14,4,5,3,8,25,1.2,0,0,0,0,0,0,0,0,Na,0,Na,0,Na,50,Na,0,Na,0
PS,10-05-14,5,1,1,8,24,1.3,0,0,0,0,0,0,0,0,0,0,1.5,25.4,2.5,45.1,0,0,Na,0
PS,10-05-14,5,1,2,8,24,1.3,0,0,0,0,0,0,0,0,Na,0.8,Na,7.5,Na,24.2,Na,0,Na,0
PS,10-05-14,5,1,3,8,24,1.3,0,0,0,0,0,0,0,0,Na,1,Na,0,Na,10.2,Na,0,Na,0
PS,10-05-14,5,2,1,8,24,1.3,0,0,0,0,0,0,0,0,0,0,0.6,10.2,1.9,37.9,0,0,Na,0
PS,10-05-14,5,2,2,8,24,1.3,0,0,0,0,0,0,0,0,Na,0,Na,0,Na,38.5,Na,0,Na,0
PS,10-05-14,5,2,3,8,24,1.3,0,0,0,0,0,0,0,0,Na,0.7,Na,2,Na,12.7,Na,0,Na,0
PS,10-05-14,5,3,1,8,24,1.3,0,0,0,0,0,0,0,0,0,0,0.2,4.1,0.89,18.3,0,0,Na,0
PS,10-05-14,5,3,2,8,24,1.3,0,0,0,0,0,0,0,0,Na,1,Na,0.5,Na,9,Na,0,Na,0
PS,10-05-14,5,3,3,8,24,1.3,0,0,0,0,0,0,0,0,Na,0,Na,0,Na,3.2,Na,0,Na,0
PS,10-05-14,5,4,1,8,24,1.3,0,0,0,0,0,0,0,0,Na,0,Na,0,Na,10,Na,0,Na,0
PS,10-05-14,5,4,2,8,24,1.3,0,0,0,0,0,0,0,0,Na,0.03,Na,0,Na,30.8,Na,0,Na,0
PS,10-05-14,5,4,3,8,24,1.3,0,0,0,0,0,0,0,0,Na,0,Na,0,Na,22.5,Na,0,Na,0
PS,10-05-14,5,5,1,8,24,1.3,0,0,0,0,0,0,0,0,Na,0.5,Na,0,Na,45,Na,0,Na,0
PS,10-05-14,5,5,2,8,24,1.3,0,0,0,0,0,0,0,0,Na,0,Na,0,Na,38.5,Na,0,Na,0
PS,10-05-14,5,5,3,8,24,1.3,0,0,0,0,0,0,0,0,Na,0,Na,0,Na,20.2,Na,0,Na,0
PS,22-06-14,6,1,1,8,25,1.2,0,0,0,0,0,0,0,0,0.05,0.97,0,0,0.85,17.2,0,0,0,0
PS,22-06-14,6,1,2,8,25,1.2,0,0,0,0,0,0,0,0,Na,0.5,Na,0,Na,20.3,Na,1,Na,0
PS,22-06-14,6,1,3,8,25,1.2,0,0,0,0,0,0,0,0,Na,1.2,Na,0,Na,29.7,Na,0,Na,0
PS,22-06-14,6,2,1,8,25,1.2,0,0,0,0,0,0,0,0,0,0,0,0,0.18,3.8,0,0,0,0
PS,22-06-14,6,2,2,8,25,1.2,0,0,0,0,0,0,0,0,Na,6.5,Na,0,Na,35,Na,1,Na,0
PS,22-06-14,6,2,3,8,25,1.2,0,0,0,0,0,0,0,0,Na,0,Na,0,Na,45,Na,0,Na,0
PS,22-06-14,6,3,1,8,25,1.2,0,0,0,0,0,0,0,0,0.5,9.1,0,0,0.88,17.8,0.1,2,0,0
PS,22-06-14,6,3,2,8,25,1.2,0,0,0,0,0,0,0,0,Na,0.8,Na,0,Na,43.5,Na,0,Na,0
PS,22-06-14,6,3,3,8,25,1.2,0,0,0,0,0,0,0,0,Na,0.1,Na,0,Na,22.1,Na,0,Na,0
PS,22-06-14,6,4,1,8,25,1.2,0,0,0,0,0,0,0,0,Na,0,Na,0,,3.4,Na,0,Na,0
PS,22-06-14,6,4,2,8,25,1.2,0,0,0,0,0,0,0,0,Na,0,Na,0,Na,5,Na,2,Na,0
PS,22-06-14,6,4,3,8,25,1.2,0,0,0,0,0,0,0,0,Na,0,Na,0,Na,80,Na,0,Na,0
PS,22-06-14,6,5,1,8,25,1.2,0,0,0,0,0,0,0,0,Na,0,Na,0,Na,3.3,Na,,Na,0
PS,22-06-14,6,5,2,8,25,1.2,0,0,0,0,0,0,0,0,Na,0,Na,0,Na,10.8,Na,0,Na,0
PS,22-06-14,6,5,3,8,24,1.3,0,0,0,0,0,0,0,0,Na,0,Na,0,Na,50.2,Na,0,Na,0
PS,09-07-14,7,1,1,8,24,1.3,0,0,0,0,0,0,0,0,0,0,0.03,0.22,10.6,74.8,0,0,0,0
PS,09-07-14,7,1,2,8,24,1.3,0,0,0,0,0,0,0,0,Na,0,Na,0.211334816,Na,80,Na,0,Na,0
PS,09-07-14,7,1,3,8,24,1.3,0,0,0,0,0,0,0,0,Na,0,Na,1,Na,77.5,Na,0,Na,0
PS,09-07-14,7,2,1,8,24,1.3,0,0,0,0,0,0,0,0,0,0,0,0,4.99,35.2,0,0,0,0
PS,09-07-14,7,2,2,8,24,1.3,0,0,0,0,0,0,0,0,Na,0,Na,2,Na,45.3,Na,,Na,0
PS,09-07-14,7,2,3,8,24,1.3,0,0,0,0,0,0,0,0,Na,0,Na,0.5,Na,70,Na,,Na,0
PS,09-07-14,7,3,1,8,24,1.3,0,0,0,0,0,0,0,0,0,0,0,0,9.3,65.5,0,0,0,0
PS,09-07-14,7,3,2,8,24,1.3,0,0,0,0,0,0,0,0,Na,0,Na,0,,28.3,Na,0,Na,0
PS,09-07-14,7,3,3,8,24,1.3,0,0,0,0,0,0,0,0,Na,0,Na,0,,67.5,Na,0,Na,0
PS,09-07-14,7,4,1,8,24,1.3,0,0,0,0,0,0,0,0,Na,0,Na,0,,80,Na,0,Na,0
PS,09-07-14,7,4,2,8,24,1.3,0,0,0,0,0,0,0,0,Na,0,Na,0,Na,75,Na,0,Na,0
PS,09-07-14,7,4,3,8,24,1.3,0,0,0,0,0,0,0,0,Na,0,Na,0,Na,50,Na,0,Na,0
PS,09-07-14,7,5,1,8,24,1.3,0,0,0,0,0,0,0,0,Na,0,Na,0,Na,80,Na,0,Na,0
PS,09-07-14,7,5,2,8,24,1.3,0,0,0,0,0,0,0,0,Na,0,Na,0,Na,80,Na,0,Na,0
PS,09-07-14,7,5,3,8,24,1.3,0,0,0,0,0,0,0,0,Na,0,Na,0,Na,80,Na,0,Na,0
QNG,19-06-14,6,1,1,8.5,22,1.8,0,0,0,0,0,0,0,0,0,0,0,0,0,50,0,0,0,0
QNG,19-06-14,6,1,2,8.5,22,1.8,0,0,0,0,0,0,0,0,0,0,0,0,0,0,0,0,0,0
QNG,19-06-14,6,1,3,8.5,22,1.8,0,0,0,0,0,0,0,0,0,0,0,0,0,78,0,0,0,0
QNG,19-06-14,6,2,1,8.5,22,1.5,0,0,0,0,0,0,0,0,0,0,0,0,0,50,0,0,0,0
QNG,19-06-14,6,2,2,8.5,22,1.5,0,0,0,0,0,0,0,0,0,0,0,0,0,70,0,0,0,0
QNG,19-06-14,6,2,3,8.5,22,1.5,0,0,0,0,0,0,0,0,0,0,0,0,0,75,0,0,0,0
QNG,19-06-14,6,3,1,8.5,22,1.5,0,0,0,0,0,0,0,0,0,0,0,0,0,80,0,0,0,0
QNG,19-06-14,6,3,2,8.5,22,1.5,0,0,0,0,0,0,0,0,0,0,0,0,0,45,0,0,0,0
QNG,19-06-14,6,3,3,8.5,22,1.7,0,0,0,0,0,0,0,0,0,0,0,0,0,30,0,0,0,0
QNG,19-06-14,6,4,1,8.5,22,1.7,0,0,0,0,0,0,0,0,0,0,0,0,0,60,0,0,0,0
QNG,19-06-14,6,4,2,8.5,21.5,1.7,0,0,0,0,0,0,0,0,0,0,0,0,0,10,0,0,0,0
QNG,19-06-14,6,4,3,8.5,21.5,1.7,0,0,0,0,0,0,0,0,0,0,0,0,0,0,0,0,0,0
QNG,19-06-14,6,4,4,8.5,21.5,1.7,0,0,0,0,0,0,0,0,0,0,0,0,0,10,0,0,0,0
QNG,19-06-14,6,5,1,8.5,21.5,3,0,0,0,0,0,0,0,0,0,0,0,0,0,0,0,0,0,0
QNG,19-06-14,6,5,2,8.5,21.5,3,0,0,0,0,0,0,0,0,0,0,0,0,0,75,0,0,0,0
QNG,19-06-14,6,5,3,8.5,21.5,3,0,0,0,0,0,0,0,0,0,0,0,0,0,85,0,0,0,0
QNG,19-06-14,6,5,4,8.5,21.5,3,0,0,0,0,0,0,0,0,0,0,0,0,0,70,0,0,0,0
QNG,19-06-14,6,5,5,8.5,21.5,3,0,0,0,0,0,0,0,0,0,0,0,0,0,80,0,0,0,0
QNG,27-04-15,4,1,1,5,27,1.5,0,0,0,0,0,0,0,0,0,0,0,0,0,10,0,0,0,0
QNG,27-04-15,4,1,2,5,27,1.5,0,0,0,0,0,0,0,0,0,0,0,0,0,10,0,0,0,0
QNG,27-04-15,4,1,3,5,27,1.5,0,0,0,0,0,0,0,0,0,0,0,0,0,22.5,0,0,0,0
QNG,27-04-15,4,1,4,5,27,1.5,0,0,0,0,0,0,0,0,0,0,0,0,0,24.5,0,0,0,0
QNG,27-04-15,4,1,5,5,27,1.5,0,0,0,0,0,0,0,0,0,0,0,0,0,20,0,0,0,0
QNG,27-04-15,4,2,6,5,27,1.3,0,0,0,0,0,0,0,0,0,0,0,0,0,30,0,0,0,0
QNG,27-04-15,4,2,7,5,27,1.3,0,0,0,0,0,0,0,0,0,0,0,0,0,30.5,0,0,0,0
QNG,27-04-15,4,2,8,5,27,1.3,0,0,0,0,0,0,0,0,0,0,0,0,0,10,0,0,0,0
QNG,27-04-15,4,2,9,5,27,1.3,0,0,0,0,0,0,0,0,0,0,0,0,0,5,0,0,0,0
QNG,27-04-15,4,2,10,5,27,1.3,0,0,0,0,0,0,0,0,0,0,0,0,0,0,0,0,0,0
QNG,27-04-15,4,3,11,5,27,1.9,0,0,0,0,0,0,0,0,0,0,0,0,0,10,0,0,0,0
QNG,27-04-15,4,3,12,5,27,1.9,0,0,0,0,0,0,0,0,0,0,0,0,0,10,0,0,0,0
QNG,27-04-15,4,3,13,5,27,1.9,0,0,0,0,0,0,0,0,0,0,0,0,0,10,0,0,0,0
QNG,27-04-15,4,3,14,5,27,1.9,0,0,0,0,0,0,0,0,0,0,0,0,0,10,0,0,0,0
QNG,27-04-15,4,3,15,5,27,1.9,0,0,0,0,0,0,0,0,0,0,0,0,0,10,0,0,0,0
QNG,25-04-15,4,4,1,10,26,1.8,0,0,0,0,0,0,0,0,0,0,0,0,0,25,0,0,0,0
QNG,25-04-15,4,4,2,10,26,1.8,0,0,0,0,0,0,0,0,0,0,0,0,0,25,0,0,0,0
QNG,25-04-15,4,4,3,10,26,1.8,0,0,0,0,0,0,0,0,0,0,0,0,0,25,0,0,0,0
QNG,25-04-15,4,4,4,10,26,1.8,0,0,0,0,0,0,0,0,0,0,0,0,0,25,0,0,0,0
QNG,25-04-15,4,4,5,10,26,1.8,0,0,0,0,0,0,0,0,0,0,0,0,0,25,0,0,0,0
QNG,25-04-15,4,5,6,10,26,2.5,0,0,0,0,0,0,0,0,0,0,0,0,0,30,0,0,0,0
QNG,25-04-15,4,5,7,10,26,2.5,0,0,0,0,0,0,0,0,0,0,0,0,0,5.5,0,0,0,0
QNG,25-04-15,4,5,8,10,26,2.5,0,0,0,0,0,0,0,0,0,0,0,0,0,25,0,0,0,0
QNG,25-04-15,4,5,9,10,26,2.5,0,0,0,0,0,0,0,0,0,0,0,0,0,30,0,0,0,0
QNG,25-04-15,4,5,10,10,26,2.5,0,0,0,0,0,0,0,0,0,0,0,0,0,30,0,0,0,0
QNG,25-04-15,4,6,11,10,26,1.8,0,0,0,0,0,0,0,0,0,0,0,0,0,30,0,0,0,0
QNG,25-04-15,4,6,12,10,26,1.8,0,0,0,0,0,0,0,0,0,0,0,0,0,30,0,0,0,0
QNG,25-04-15,4,6,13,10,26,1.8,0,0,0,0,0,0,0,0,0,0,0,0,0,20,0,0,0,0
QNG,25-04-15,4,6,14,10,26,1.8,0,0,0,0,0,0,0,0,0,0,0,0,0,20,0,0,0,0
QNG,25-04-15,4,6,15,10,26,1.8,0,0,0,0,0,0,0,0,0,0,0,0,0,20,0,0,0,0
QNG,25-04-15,4,7,1,15,27,1.62,0,0,0,0,0,0,0,0,0,0,0,0,0,5,0,0,0,0
QNG,25-04-15,4,7,2,15,27,1.62,0,0,0,0,0,0,0,0,0,0,0,0,0,5,0,0,0,0
QNG,25-04-15,4,7,3,15,27,1.62,0,0,0,0,0,0,0,0,0,0,0,0,0,5,0,0,0,0
QNG,25-04-15,4,7,4,15,27,1.62,0,0,0,0,0,0,0,0,0,0,0,0,0,5,0,0,0,0
QNG,25-04-15,4,7,5,15,27,1.62,0,0,0,0,0,0,0,0,0,0,0,0,0,5,0,0,0,0
QNG,25-04-15,4,8,6,15,27,2.1,0,0,0,0,0,0,0,0,0,0,0,0,0,5,0,0,0,0
QNG,25-04-15,4,8,7,15,27,2.1,0,0,0,0,0,0,0,0,0,0,0,0,0,5,0,0,0,0
QNG,25-04-15,4,8,8,15,27,2.1,0,0,0,0,0,0,0,0,0,0,0,0,0,8,0,0,0,0
QNG,25-04-15,4,8,9,15,27,2.1,0,0,0,0,0,0,0,0,0,0,0,0,0,8,0,0,0,0
QNG,25-04-15,4,8,10,15,27,2.1,0,0,0,0,0,0,0,0,0,0,0,0,0,8,0,0,0,0
QNG,25-04-15,4,9,11,15,27,1.3,0,0,0,0,0,0,0,0,0,0,0,0,0,5,0,0,0,0
QNG,25-04-15,4,9,12,15,27,1.3,0,0,0,0,0,0,0,0,0,0,0,0,0,10,0,0,0,0
QNG,25-04-15,4,9,13,15,27,1.3,0,0,0,0,0,0,0,0,0,0,0,0,0,8,0,0,0,0
QNG,25-04-15,4,9,14,15,27,1.3,0,0,0,0,0,0,0,0,0,0,0,0,0,8,0,0,0,0
QNG,25-04-15,4,9,15,15,27,1.3,0,0,0,0,0,0,0,0,0,0,0,0,0,8,0,0,0,0
Ureles,08-05-13,5,1,1,11.5,24,1.3,0,0,0,0,0,0,0,0,0,0,0,0,Na,30,0,0,0,0
Ureles,08-05-13,5,1,2,11.5,24,1.3,0,0,0,0,0,0,0,0,0,0,0,0,Na,20,0,0,0,0
Ureles,08-05-13,5,1,3,11.5,24,1.3,0,0,0,0,0,0,0,0,0,0,0,0,Na,70,0,0,0,0
Ureles,08-05-13,5,2,1,11.5,24,1.3,0,0,0,0,0,0,0,0,0,0,0,0,Na,45,0,0,0,0
Ureles,08-05-13,5,2,2,11.5,24,1.4,0,0,0,0,0,0,0,0,0,0,0,0,Na,80,0,0,0,0
Ureles,08-05-13,5,2,3,11.5,24,1.4,0,0,0,0,0,0,0,0,0,0,0,0,Na,20,0,0,0,0
Ureles,08-05-13,5,3,1,11.5,24,1.4,0,0,0,0,0,0,0,0,0,0,0,0,Na,35,0,0,0,0
Ureles,08-05-13,5,3,2,11.5,24,1.4,0,0,0,0,0,0,0,0,0,0,0,0,Na,40,0,0,0,0
Ureles,08-05-13,5,3,3,11.5,24,1.4,0,0,0,0,0,0,0,0,0,0,0,0,Na,35,0,0,0,0
Ureles,08-05-13,5,4,1,11.5,24,1.4,0,0,0,0,0,0,0,0,0,0,0,0,Na,10,0,0,0,0
Ureles,08-05-13,5,4,2,11.5,24,1.4,0,0,0,0,0,0,0,0,0,0,0,0,Na,40,0,0,0,0
Ureles,08-05-13,5,4,3,11.5,24,1.4,0,0,0,0,0,0,0,0,0,0,0,0,Na,25,0,0,0,0
Ureles,08-05-13,5,5,1,11.5,24,1.4,0,0,0,0,0,0,0,0,0,0,0,0,Na,35,0,0,0,0
Ureles,08-05-13,5,5,2,11.5,24,1.4,0,0,0,0,0,0,0,0,0,0,0,0,Na,30,0,0,0,0
Ureles,08-05-13,5,5,3,11.5,24,1.4,0,0,0,0,0,0,0,0,Na,Na,Na,Na,Na,Na,Na,Na,Na,Na
Ureles,05-06-13,6,1,1,7,24,1.4,0,0,0,0,0,0,0,0,0,0,0,0,Na,43,0,0,0,0
Ureles,05-06-13,6,1,2,7,24,1.4,0,0,0,0,0,0,0,0,0,0,0,0,Na,26,0,0,0,0
Ureles,05-06-13,6,1,3,7,24,1.4,0,0,0,0,0,0,0,0,0,0,0,0,Na,40,0,0,0,0
Ureles,05-06-13,6,2,1,7,24,1.4,0,0,0,0,0,0,0,0,0,0,0,0,Na,35,0,0,0,0
Ureles,05-06-13,6,2,2,7,24,1.5,0,0,0,0,0,0,0,0,0,0,0,0,Na,40,0,0,0,0
Ureles,05-06-13,6,2,3,7,24,1.5,0,0,0,0,0,0,0,0,0,0,0,0,Na,15,0,0,0,0
Ureles,05-06-13,6,3,1,7,24,1.5,0,0,0,0,0,0,0,0,0,0,0,0,Na,25,0,0,0,0
Ureles,05-06-13,6,3,2,7,24,1.5,0,0,0,0,0,0,0,0,0,0,0,0,Na,45,0,0,0,0
Ureles,05-06-13,6,3,3,7,24,1.5,0,0,0,0,0,0,0,0,0,0,0,0,Na,57,0,0,0,0
Ureles,05-06-13,6,4,1,7,24,1.5,0,0,0,0,0,0,0,0,0,0,0,0,Na,60,0,0,0,0
Ureles,05-06-13,6,4,2,7,24,1.5,0,0,0,0,0,0,0,0,0,0,0,0,Na,60,0,0,0,0
Ureles,05-06-13,6,4,3,7,24,1.5,0,0,0,0,0,0,0,0,0,0,0,0,Na,70,0,0,0,0
Ureles,05-06-13,6,5,1,7,24,1.5,0,0,0,0,0,0,0,0,0,0,0,0,Na,45,0,0,0,0
Ureles,05-06-13,6,5,2,7,24,1.5,0,0,0,0,0,0,0,0,0,0,0,0,Na,50,0,0,0,0
Ureles,05-06-13,6,5,3,7,24,1.5,0,0,0,0,0,0,0,0,0,0,0,0,Na,20,0,0,0,0
Ureles,19-06-13,6,1,1,9,24,1.5,0,0,0,0,0,0,0,0,0,0,0,0,Na,25,0,0,0,0
Ureles,19-06-13,6,1,2,9,24,1.5,0,0,0,0,0,0,0,0,0,0,0,0,Na,34,0,0,0,0
Ureles,19-06-13,6,1,3,9,24,1.5,0,0,0,0,0,0,0,0,0,0,0,0,Na,20,0,0,0,0
Ureles,19-06-13,6,2,1,9,24,1.5,0,0,0,0,0,0,0,0,0,0,0,0,Na,45,0,0,0,0
Ureles,19-06-13,6,2,2,9,24,1.5,0,0,0,0,0,0,0,0,0,0,0,0,Na,20,0,0,0,0
Ureles,19-06-13,6,2,3,9,24,1.5,0,0,0,0,0,0,0,0,0,0,0,0,Na,32,0,0,0,0
Ureles,19-06-13,6,3,1,9,24,1.5,0,0,0,0,0,0,0,0,0,0,0,0,Na,80,0,0,0,0
Ureles,19-06-13,6,3,2,9,24,1.5,0,0,0,0,0,0,0,0,0,0,0,0,Na,80,0,0,0,0
Ureles,19-06-13,6,3,3,9,24,1.5,0,0,0,0,0,0,0,0,0,0,0,0,Na,20,0,0,0,0
Ureles,19-06-13,6,4,1,9,24,1.5,0,0,0,0,0,0,0,0,0,0,0,0,Na,25,0,0,0,0
Ureles,19-06-13,6,4,2,9,24,1.5,0,0,0,0,0,0,0,0,0,0,0,0,Na,28,0,0,0,0
Ureles,19-06-13,6,4,3,9,24,1.5,0,0,0,0,0,0,0,0,0,0,0,0,Na,15,0,0,0,0
Ureles,19-06-13,6,5,1,9,24,1.5,0,0,0,0,0,0,0,0,Na,Na,Na,Na,Na,Na,Na,Na,Na,Na
Ureles,19-06-13,6,5,2,9,24,1.5,0,0,0,0,0,0,0,0,Na,Na,Na,Na,Na,Na,Na,Na,Na,Na
Ureles,19-06-13,6,5,3,9,24,1.4,0,0,0,0,0,0,0,0,Na,Na,Na,Na,Na,Na,Na,Na,Na,Na
Ureles,26-07-13,7,1,1,8.5,24,1.4,0,0,0,0,0,0,0,0,0,0,0,0,Na,80,Na,0,0,0
Ureles,26-07-13,7,1,2,8.5,24,1.4,0,0,0,0,0,0,0,0,0,0,0,0,Na,10,Na,0,0,0
Ureles,26-07-13,7,1,3,8.5,24,1.4,0,0,0,0,0,0,0,0,0,0,0,0,Na,14,Na,0,0,0
Ureles,26-07-13,7,2,1,8.5,24,1.4,0,0,0,0,0,0,0,0,0,0,0,0,Na,0,Na,0,0,0
Ureles,26-07-13,7,2,2,8.5,24,1.4,0,0,0,0,0,0,0,0,0,0,0,0,Na,75,Na,0,0,0
Ureles,26-07-13,7,2,3,8.5,24,1.4,0,0,0,0,0,0,0,0,0,0,0,0,Na,5,Na,0,0,0
Ureles,26-07-13,7,3,1,8.5,24,1.4,0,0,0,0,0,0,0,0,0,0,0,0,Na,45,Na,0,0,0
Ureles,26-07-13,7,3,2,8.5,24,1.4,0,0,0,0,0,0,0,0,0,0,0,0,Na,23,Na,0,0,0
Ureles,26-07-13,7,3,3,8.5,24,1.4,0,0,0,0,0,0,0,0,0,0,0,0,Na,44,Na,0,0,0
Ureles,26-07-13,7,4,1,8.5,24,1.4,0,0,0,0,0,0,0,0,Na,Na,Na,Na,Na,Na,Na,Na,Na,Na
Ureles,26-07-13,7,4,2,8.5,24,1.4,0,0,0,0,0,0,0,0,Na,Na,Na,Na,Na,Na,Na,Na,Na,Na
Ureles,26-07-13,7,4,3,8.5,24,1.4,0,0,0,0,0,0,0,0,Na,Na,Na,Na,Na,Na,Na,Na,Na,Na
Ureles,26-07-13,7,5,1,8.5,24,1.4,0,0,0,0,0,0,0,0,Na,Na,Na,Na,Na,Na,Na,Na,Na,Na
Ureles,26-07-13,7,5,2,8.5,24,1.4,0,0,0,0,0,0,0,0,Na,Na,Na,Na,Na,Na,Na,Na,Na,Na
Ureles,26-07-13,7,5,3,8.5,24,1.4,0,0,0,0,0,0,0,0,Na,Na,Na,Na,Na,Na,Na,Na,Na,Na
Ureles,10-08-13,8,1,1,8.5,23,1.5,0,0,0,0,0,0,0,0,0,0,0.656,3.868,4.5,26,0,0,0,0
Ureles,10-08-13,8,1,2,8.5,23,1.5,0,0,0,0,0,0,0,0,Na,0,Na,0,Na,25,Na,0,Na,0
Ureles,10-08-13,8,1,3,8.5,23,1.5,0,0,0,0,0,0,0,0,Na,0,Na,0,Na,15,Na,0,Na,0
Ureles,10-08-13,8,2,1,8.5,23,1.5,0,0,0,0,0,0,0,0,0,0,0.586,2.897,5.4,27.44,0,0,0,0
Ureles,10-08-13,8,2,2,8.5,23,1.5,0,0,0,0,0,0,0,0,Na,0,Na,0,Na,80,Na,0,Na,0
Ureles,10-08-13,8,2,3,8.5,23,1.5,0,0,0,0,0,0,0,0,Na,0,Na,0,Na,23,Na,0,Na,0
Ureles,10-08-13,8,3,1,8.5,23,1.5,0,0,0,0,0,0,0,0,0,0,0,0,6,48.45,0,0,0,0
Ureles,10-08-13,8,3,2,8.5,23,1.5,0,0,0,0,0,0,0,0,Na,0,Na,0,Na,32,Na,0,Na,0
Ureles,10-08-13,8,3,3,8.5,23,1.8,0,0,0,0,0,0,0,0,Na,0,Na,0,Na,30,Na,0,Na,0
Ureles,10-08-13,8,4,1,8.5,23,1.8,0,0,0,0,0,0,0,0,Na,0,Na,0,Na,20,Na,0,Na,0
Ureles,10-08-13,8,4,2,8.5,23,1.8,0,0,0,0,0,0,0,0,Na,0,Na,0,Na,32,Na,0,Na,0
Ureles,10-08-13,8,4,3,8.5,23,1.8,0,0,0,0,0,0,0,0,Na,0,Na,0,Na,18,Na,0,Na,0
Ureles,10-08-13,8,5,1,8.5,23,1.8,0,0,0,0,0,0,0,0,Na,0,Na,Na,Na,Na,Na,Na,Na,Na
Ureles,10-08-13,8,5,2,8.5,23,1.8,0,0,0,0,0,0,0,0,Na,0,Na,Na,Na,Na,Na,Na,Na,Na
Ureles,10-08-13,8,5,3,8.5,23,1.8,0,0,0,0,0,0,0,0,Na,0,Na,Na,Na,Na,Na,Na,Na,Na
Ureles,11-10-13,10,1,1,9,25,1.8,0,0,0,0,0,0,0,0,Na,0,Na,0,Na,25,Na,0,Na,0
Ureles,11-10-13,10,1,2,9,25,1.8,0,0,0,0,0,0,0,0,Na,0,Na,0,Na,25,Na,0,Na,0
Ureles,11-10-13,10,1,3,9,25,1.8,0,0,0,0,0,0,0,0,Na,0,Na,0,Na,30,Na,0,Na,0
Ureles,11-10-13,10,2,1,9,25,1.8,0,0,0,0,0,0,0,0,Na,0,Na,0,Na,19,Na,0,Na,0
Ureles,11-10-13,10,2,2,9,25,1.8,0,0,0,0,0,0,0,0,Na,0,Na,0,Na,20,Na,0,Na,0
Ureles,11-10-13,10,2,3,9,25,1.8,0,0,0,0,0,0,0,0,Na,0,Na,0,Na,30,Na,0,Na,0
Ureles,11-10-13,10,3,1,9,25,1.8,0,0,0,0,0,0,0,0,Na,0,Na,0,Na,25,Na,0,Na,0
Ureles,11-10-13,10,3,2,9,25,1.8,0,0,0,0,0,0,0,0,Na,0,Na,0,Na,25,Na,0,Na,0
Ureles,11-10-13,10,3,3,9,25,1.8,0,0,0,0,0,0,0,0,Na,0,Na,0,Na,0,Na,0,Na,0
Ureles,11-10-13,10,4,1,9,25,1.8,0,0,0,0,0,0,0,0,Na,Na,Na,Na,Na,Na,Na,Na,Na,0
Ureles,11-10-13,10,4,2,9,25,1.8,0,0,0,0,0,0,0,0,Na,Na,Na,Na,Na,Na,Na,Na,Na,0
Ureles,11-10-13,10,4,3,9,25,2,0,0,0,0,0,0,0,0,Na,Na,Na,Na,Na,Na,Na,Na,Na,0
Ureles,11-10-13,10,5,1,9,25,2,0,0,0,0,0,0,0,0,Na,Na,Na,Na,Na,Na,Na,Na,Na,0
Ureles,11-10-13,10,5,2,9,25,2,0,0,0,0,0,0,0,0,Na,Na,Na,Na,Na,Na,Na,Na,Na,0
Ureles,11-10-13,10,5,3,9,25,2,0,0,0,0,0,0,0,0,Na,Na,Na,Na,Na,Na,Na,Na,Na,Na
Ureles,08-11-13,11,1,1,9,23,1.4,0,0,0,0,0,0,0,0,0,0,7.48,34.41,4.432,26.13,0,0,0,0
Ureles,08-11-13,11,1,2,9,23,1.4,0,0,0,0,0,0,0,0,Na,0,Na,0,Na,32,Na,0,Na,0
Ureles,08-11-13,11,1,3,9,23,1.4,0,0,0,0,0,0,0,0,Na,0,Na,0,Na,80,Na,0,Na,0
Ureles,08-11-13,11,2,1,9,23,1.4,0,0,0,0,0,0,0,0,0,0,10.2,37.81,4.154,24.49,0,0,0,0
Ureles,08-11-13,11,2,2,9,23,1.4,0,0,0,0,0,0,0,0,Na,0,Na,0,Na,25,Na,0,Na,0
Ureles,08-11-13,11,2,3,9,23,1.4,0,0,0,0,0,0,0,0,Na,0,Na,0,Na,30,Na,0,Na,0
Ureles,08-11-13,11,3,1,9,23,1.4,0,0,0,0,0,0,0,0,0,0,2,4.45,5.48,32.31,0,0,0,0
Ureles,08-11-13,11,3,2,9,23,1.4,0,0,0,0,0,0,0,0,Na,0,Na,0,Na,42,Na,0,Na,0
Ureles,08-11-13,11,3,3,9,23,1.4,0,0,0,0,0,0,0,0,Na,0,Na,0,Na,80,Na,0,Na,0
Ureles,08-11-13,11,4,1,9,23,1.4,0,0,0,0,0,0,0,0,Na,0,Na,0,Na,38,Na,0,Na,0
Ureles,08-11-13,11,4,2,9,23,1.4,0,0,0,0,0,0,0,0,Na,0,Na,0,Na,75,Na,0,Na,0
Ureles,08-11-13,11,4,3,9,23,1.4,0,0,0,0,0,0,0,0,Na,0,Na,0,Na,30,Na,0,Na,0
Ureles,08-11-13,11,5,1,9,23,1.4,0,0,0,0,0,0,0,0,Na,Na,Na,Na,Na,Na,Na,Na,Na,Na
Ureles,08-11-13,11,5,2,9,23,1.4,0,0,0,0,0,0,0,0,Na,Na,Na,Na,Na,Na,Na,Na,Na,Na
Ureles,08-11-13,11,5,3,9,23,1.4,0,0,0,0,0,0,0,0,Na,Na,Na,Na,Na,Na,Na,Na,Na,Na
Ureles,18-12-13,12,1,1,9,22,Na,0,0,0,0,0,0,0,0,0,0,1.08,3.06,2.64,25.91,0,0,0,0
Ureles,18-12-13,12,1,2,9,22,Na,0,0,0,0,0,0,0,0,Na,0,Na,0,Na,30,Na,0,Na,0
Ureles,18-12-13,12,1,3,9,22,Na,0,0,0,0,0,0,0,0,Na,0,Na,0,Na,25,Na,0,Na,0
Ureles,18-12-13,12,2,1,9,22,Na,0,0,0,0,0,0,0,0,0,0,0,0,11.37,67.8,0,0,0,0
Ureles,18-12-13,12,2,2,9,22,Na,0,0,0,0,0,0,0,0,Na,0,Na,0,Na,0,Na,0,Na,0
Ureles,18-12-13,12,2,3,9,22,Na,0,0,0,0,0,0,0,0,Na,0,Na,0,Na,0,Na,0,Na,0
Ureles,18-12-13,12,3,1,9,22,Na,0,0,0,0,0,0,0,0,0,0,0,0,2.05,20.28,1.38,4.69,0,0
Ureles,18-12-13,12,3,2,9,22,Na,0,0,0,0,0,0,0,0,Na,0,Na,0,Na,32,Na,0,Na,0
Ureles,18-12-13,12,3,3,9,22,Na,0,0,0,0,0,0,0,0,Na,0,Na,0,Na,85,Na,0,Na,0
Ureles,18-12-13,12,4,1,9,22,Na,0,0,0,0,0,0,0,0,Na,0,Na,0,Na,0,Na,0,Na,0
Ureles,18-12-13,12,4,2,9,22,Na,0,0,0,0,0,0,0,0,Na,0,Na,0,Na,0,Na,0,Na,0
Ureles,18-12-13,12,4,3,9,22,Na,0,0,0,0,0,0,0,0,Na,0,Na,0,Na,0,Na,0,Na,0
Ureles,18-12-13,12,5,1,9,22,Na,0,0,0,0,0,0,0,0,Na,Na,Na,Na,Na,Na,Na,Na,Na,Na
Ureles,18-12-13,12,5,2,9,22,Na,0,0,0,0,0,0,0,0,Na,Na,Na,Na,Na,Na,Na,Na,Na,Na
Ureles,18-12-13,12,5,3,9,22,Na,0,0,0,0,0,0,0,0,Na,Na,Na,Na,Na,Na,Na,Na,Na,Na
Ureles,08-02-14,2,1,1,8.8,26,Na,0,0,0,0,0,0,0,0,0.6,2.02,0,0,9.57,56.42,0,0,0,0
Ureles,08-02-14,2,1,2,8.8,26,Na,0,0,0,0,0,0,0,0,Na,0,Na,0,Na,25,Na,0,Na,0
Ureles,08-02-14,2,1,3,8.8,26,Na,0,0,0,0,0,0,0,0,Na,0,Na,0,Na,30,Na,0,Na,0
Ureles,08-02-14,2,2,1,8.8,26,Na,0,0,0,0,0,0,0,0,0.35,1.74,0,0,5.63,33.16,0,0,0,0
Ureles,08-02-14,2,2,2,8.8,26,Na,0,0,0,0,0,0,0,0,Na,0,Na,0,Na,85,Na,0,Na,0
Ureles,08-02-14,2,2,3,8.8,26,Na,0,0,0,0,0,0,0,0,Na,0,Na,0,Na,25,Na,0,Na,0
Ureles,08-02-14,2,3,1,8.8,26,Na,0,0,0,0,0,0,0,0,0.096,0.35,0,0,6.14,36.32,0,0,0,0
Ureles,08-02-14,2,3,2,8.8,26,Na,0,0,0,0,0,0,0,0,Na,0,Na,0,Na,0,Na,0,Na,0
Ureles,08-02-14,2,3,3,8.8,26,Na,0,0,0,0,0,0,0,0,Na,0,Na,0,Na,80,Na,0,Na,0
Ureles,08-02-14,2,4,1,8.8,26,Na,0,0,0,0,0,0,0,0,Na,0,Na,0,Na,0,Na,0,Na,0
Ureles,08-02-14,2,4,2,8.8,26,Na,0,0,0,0,0,0,0,0,Na,0,Na,0,Na,10,Na,0,Na,0
Ureles,08-02-14,2,4,3,8.8,26,Na,0,0,0,0,0,0,0,0,Na,0,Na,0,Na,12,Na,0,Na,0
Ureles,08-02-14,2,5,1,8.8,26,Na,0,0,0,0,0,0,0,0,Na,Na,Na,Na,Na,Na,Na,Na,Na,Na
Ureles,08-02-14,2,5,2,8.8,26,Na,0,0,0,0,0,0,0,0,Na,Na,Na,Na,Na,Na,Na,Na,Na,Na
Ureles,08-02-14,2,5,3,8.8,26,Na,0,0,0,0,0,0,0,0,Na,Na,Na,Na,Na,Na,Na,Na,Na,Na
Ureles,23-04-14,4,1,1,9,25,1.6,0,0,0,0,0,0,0,0,Na,0,Na,0,Na,28,Na,0,Na,0
Ureles,23-04-14,4,1,2,9,25,1.6,0,0,0,0,0,0,0,0,Na,0,Na,0,Na,30,Na,0,Na,0
Ureles,23-04-14,4,1,3,9,25,1.6,0,0,0,0,0,0,0,0,Na,0,Na,0,Na,85,Na,0,Na,0
Ureles,23-04-14,4,2,1,9,25,1.6,0,0,0,0,0,0,0,0,Na,0,Na,0,Na,5,Na,0,Na,0
Ureles,23-04-14,4,2,2,9,25,1.6,0,0,0,0,0,0,0,0,Na,0,Na,0,Na,18,Na,0,Na,0
Ureles,23-04-14,4,2,3,9,25,1.6,0,0,0,0,0,0,0,0,Na,0,Na,0,Na,30,Na,0,Na,0
Ureles,23-04-14,4,3,1,9,25,1.6,0,0,0,0,0,0,0,0,Na,0,Na,0,Na,25,Na,0,Na,0
Ureles,23-04-14,4,3,2,9,25,1.5,0,0,0,0,0,0,0,0,Na,0,Na,0,Na,80,Na,0,Na,0
Ureles,23-04-14,4,3,3,9,25,1.5,0,0,0,0,0,0,0,0,Na,0,Na,0,Na,85,Na,0,Na,0
Ureles,23-04-14,4,4,1,9,25,1.5,0,0,0,0,0,0,0,0,Na,0,Na,0,Na,4,Na,0,Na,0
Ureles,23-04-14,4,4,2,9,25,1.5,0,0,0,0,0,0,0,0,Na,0,Na,0,Na,0,Na,0,Na,0
Ureles,23-04-14,4,4,3,9,25,1.5,0,0,0,0,0,0,0,0,Na,0,Na,0,Na,0,Na,0,Na,0
Ureles,23-04-14,4,5,1,9,25,1.5,0,0,0,0,0,0,0,0,Na,0,Na,Na,Na,Na,Na,Na,Na,Na
Ureles,23-04-14,4,5,2,9,25,1.5,0,0,0,0,0,0,0,0,Na,0,Na,Na,Na,Na,Na,Na,Na,Na
Ureles,23-04-14,4,5,3,9,25,1.5,0,0,0,0,0,0,0,0,Na,0,Na,Na,Na,Na,Na,Na,Na,Na
